player_id,team_id,season_id,stat_type,is_all_star,all_star_selections_2024_2026,full_name,birth_date,birth_place,bats,throws,height_inches,weight_lbs,debut_date,primary_position,profile_position,positions_played,team_name,team_wins,team_losses,team_record,WAR,G,PA,AB,R,H,2B,3B,HR,RBI,SB,CS,BB,SO,BA,OBP,SLG,OPS,OPS+,rOBA,Rbat+,TB,GIDP,HBP,SH,SF,IBB,W,L,W-L%,ERA,GS,GF,CG,SHO,SV,IP,ER,BK,WP,BF,ERA+,FIP,WHIP,H9,HR9,BB9,SO9,SO/BB,scraped_at,source_team_url,source_player_url,is_show_top100,show_overall_rating,show_rank,show_potential_grade
marteke01,ARI,2024,batting,true,2,Ketel Marte,1993-10-12,"Nizao, Dominican Republic",S,R,72,210,2015-07-31,2B,"Second Baseman, Shortstop and Centerfielder",*4D/H6,Arizona Diamondbacks,89,73,89-73,6.8,136,583,504,93,147,23,2,36,95,7,1,65,106,.292,.372,.560,.932,154,.396,154,282,9,5,0,9,7,,,,,,,,,,,,,,,,,,,,,,,2026-09-25T10:45:19Z,https://www.baseball-reference.com/teams/ARI/2024.shtml,https://www.baseball-reference.com/players/m/marteke01.shtml,true,97,11,A
ozunama01,ATL,2024,batting,true,1,Marcell Ozuna,1990-11-12,"Santo Domingo, Dominican Republic",R,R,73,251,2013-04-30,DH,Outfielder and Designated Hitter,*D,Atlanta Braves,89,73,89-73,4.3,162,688,606,96,183,31,0,39,104,1,0,74,170,.302,.378,.546,.925,154,.394,154,331,23,3,0,4,2,,,,,,,,,,,,,,,,,,,,,,,2026-09-25T10:45:23Z,https://www.baseball-reference.com/teams/ATL/2024.shtml,https://www.baseball-reference.com/players/o/ozunama01.shtml,false,,,
friedma01,ATL,2024,pitching,true,2,Max Fried,1994-01-18,"Santa Monica, CA",L,L,76,190,2017-08-08,SP,Pitcher,,Atlanta Braves,89,73,89-73,3.5,29,,,71,146,,,13,,,,57,166,,,,,,,,,,7,,,0,11,10,.524,3.25,29,0,2,1,0,174.1,63,0,6,714,128,3.33,1.164,7.5,0.7,2.9,8.6,2.91,2026-09-25T10:45:23Z,https://www.baseball-reference.com/teams/ATL/2024.shtml,https://www.baseball-reference.com/players/f/friedma01.shtml,true,94,23,A
lopezre01,ATL,2024,pitching,true,1,Reynaldo López,1994-01-04,"San Pedro de Macoris, Dominican Republic",R,R,73,225,2016-07-19,SP,Pitcher,,Atlanta Braves,89,73,89-73,5.1,26,,,32,108,,,10,,,,42,148,,,,,,,,,,2,,,0,8,5,.615,1.99,25,0,0,0,0,135.2,30,1,2,543,208,2.92,1.106,7.2,0.7,2.8,9.8,3.52,2026-09-25T10:45:23Z,https://www.baseball-reference.com/teams/ATL/2024.shtml,https://www.baseball-reference.com/players/l/lopezre01.shtml,false,,,
salech01,ATL,2024,pitching,true,3,Chris Sale,1989-03-30,"Lakeland, FL",L,L,78,180,2010-08-06,SP,Pitcher,,Atlanta Braves,89,73,89-73,6.2,29,,,48,141,,,9,,,,39,225,,,,,,,,,,8,,,0,18,3,.857,2.38,29,0,0,0,0,177.2,47,1,4,702,174,2.09,1.013,7.1,0.5,2.0,11.4,5.77,2026-09-25T10:45:23Z,https://www.baseball-reference.com/teams/ATL/2024.shtml,https://www.baseball-reference.com/players/s/salech01.shtml,true,97,9,A
hendegu01,BAL,2024,batting,true,1,Gunnar Henderson,2001-06-29,"Montgomery, AL",L,R,75,230,2022-08-31,SS,Shortstop and Third Baseman,*6/D,Baltimore Orioles,91,71,91-71,8.8,159,719,630,118,177,31,7,37,92,21,4,78,159,.281,.364,.529,.893,155,.385,153,333,2,7,0,4,1,,,,,,,,,,,,,,,,,,,,,,,2026-09-25T10:45:27Z,https://www.baseball-reference.com/teams/BAL/2024.shtml,https://www.baseball-reference.com/players/h/hendegu01.shtml,true,94,20,A
rutscad01,BAL,2024,batting,true,2,Adley Rutschman,1998-02-06,"Portland, OR",S,R,73,230,2022-05-21,C,Catcher,2D/H,Baltimore Orioles,91,71,91-71,3.1,148,638,571,68,143,21,1,19,79,1,0,58,103,.250,.318,.391,.709,105,.313,104,223,9,2,0,7,3,,,,,,,,,,,,,,,,,,,,,,,2026-09-25T10:45:27Z,https://www.baseball-reference.com/teams/BAL/2024.shtml,https://www.baseball-reference.com/players/r/rutscad01.shtml,true,84,93,B
santaan02,BAL,2024,batting,true,1,Anthony Santander,1994-10-19,"Margarita, Venezuela",S,R,73,230,2017-08-18,RF,Rightfielder,*9D/3H,Baltimore Orioles,91,71,91-71,2.7,155,665,595,91,140,25,2,44,102,2,0,58,129,.235,.308,.506,.814,131,.346,128,301,9,7,0,5,3,,,,,,,,,,,,,,,,,,,,,,,2026-09-25T10:45:27Z,https://www.baseball-reference.com/teams/BAL/2024.shtml,https://www.baseball-reference.com/players/s/santaan02.shtml,false,,,
westbjo01,BAL,2024,batting,true,1,Jordan Westburg,1999-02-18,"New Braunfels, TX",R,R,73,215,2023-06-26,IF,Third Baseman and Second Baseman,54/6D,Baltimore Orioles,91,71,91-71,2.3,107,447,416,57,110,26,5,18,63,6,3,22,97,.264,.312,.481,.792,126,.340,124,200,5,7,1,1,0,,,,,,,,,,,,,,,,,,,,,,,2026-09-25T10:45:27Z,https://www.baseball-reference.com/teams/BAL/2024.shtml,https://www.baseball-reference.com/players/w/westbjo01.shtml,false,,,
burneco01,BAL,2024,pitching,true,1,Corbin Burnes,1994-10-22,"Bakersfield, CA",R,R,75,245,2018-07-10,SP,Pitcher,,Baltimore Orioles,91,71,91-71,3.9,32,,,76,165,,,22,,,,48,181,,,,,,,,,,2,,,0,15,9,.625,2.92,32,0,0,0,0,194.1,63,3,7,784,133,3.55,1.096,7.6,1.0,2.2,8.4,3.77,2026-09-25T10:45:27Z,https://www.baseball-reference.com/teams/BAL/2024.shtml,https://www.baseball-reference.com/players/b/burneco01.shtml,true,86,77,A
deverra01,BOS,2024,batting,true,1,Rafael Devers,1996-10-24,"Sanchez, Dominican Republic",L,R,72,235,2017-07-25,3B,Third Baseman and First Baseman,*5/D,Boston Red Sox,81,81,81-81,3.9,138,601,525,87,143,34,5,28,83,3,0,67,147,.272,.354,.516,.871,142,.368,138,271,13,3,0,6,14,,,,,,,,,,,,,,,,,,,,,,,2026-09-25T10:45:31Z,https://www.baseball-reference.com/teams/BOS/2024.shtml,https://www.baseball-reference.com/players/d/deverra01.shtml,true,87,68,A
duranja01,BOS,2024,batting,true,1,Jarren Duran,1996-09-05,"Corona, CA",L,R,72,205,2021-07-17,CF,Outfielder,*87,Boston Red Sox,81,81,81-81,9.0,160,735,671,111,191,48,14,21,75,34,7,54,160,.285,.342,.492,.834,132,.373,137,330,6,6,1,3,1,,,,,,,,,,,,,,,,,,,,,,,2026-09-25T10:45:31Z,https://www.baseball-reference.com/teams/BOS/2024.shtml,https://www.baseball-reference.com/players/d/duranja01.shtml,false,,,
houckta01,BOS,2024,pitching,true,1,Tanner Houck,1996-06-29,"St. Louis, MO",R,R,77,226,2020-09-15,SP,Pitcher,,Boston Red Sox,81,81,81-81,3.2,30,,,75,156,,,11,,,,48,154,,,,,,,,,,16,,,1,9,10,.474,3.12,30,0,1,1,0,178.2,62,0,2,743,133,3.32,1.142,7.9,0.6,2.4,7.8,3.21,2026-09-25T10:45:31Z,https://www.baseball-reference.com/teams/BOS/2024.shtml,https://www.baseball-reference.com/players/h/houckta01.shtml,false,,,
paredis01,CHC,2024,batting,true,2,Isaac Paredes,1999-02-18,"Hermosillo, Mexico",R,R,71,213,2020-08-17,3B,"Third Baseman, First Baseman and Second Baseman",5/H,Chicago Cubs,83,79,83-79,0.4,52,212,179,23,40,6,0,3,25,1,0,24,37,.223,.325,.307,.633,82,.294,86,55,4,5,0,4,0,,,,,,,,,,,,,,,,,,,,,,,2026-09-25T10:45:35Z,https://www.baseball-reference.com/teams/CHC/2024.shtml,https://www.baseball-reference.com/players/p/paredis01.shtml,false,,,
imanash01,CHC,2024,pitching,true,1,Shota Imanaga,1993-09-01,"Kitakyushu, Japan",L,L,70,175,2024-04-01,SP,Pitcher,,Chicago Cubs,83,79,83-79,3.0,29,,,66,149,,,27,,,,28,174,,,,,,,,,,3,,,0,15,3,.833,2.91,29,0,0,0,0,173.1,56,0,3,694,137,3.72,1.021,7.7,1.4,1.5,9.0,6.21,2026-09-25T10:45:35Z,https://www.baseball-reference.com/teams/CHC/2024.shtml,https://www.baseball-reference.com/players/i/imanash01.shtml,true,86,82,B
crochga01,CHW,2024,pitching,true,2,Garrett Crochet,1999-06-21,"Ocean Springs, MS",L,L,78,245,2020-09-18,SP,Pitcher,,Chicago White Sox,41,121,41-121,4.1,32,,,61,123,,,18,,,,33,209,,,,,,,,,,5,,,0,6,12,.333,3.58,32,0,0,0,0,146.0,58,1,3,595,115,2.69,1.068,7.6,1.1,2.0,12.9,6.33,2026-09-25T10:45:39Z,https://www.baseball-reference.com/teams/CHW/2024.shtml,https://www.baseball-reference.com/players/c/crochga01.shtml,true,99,3,A
delacel01,CIN,2024,batting,true,2,Elly De La Cruz,2002-01-11,"Sabana Grande de Boya, Dominican Republic",S,R,78,200,2023-06-06,SS,Shortstop and Third Baseman,*6/H,Cincinnati Reds,77,85,77-85,5.2,160,696,618,105,160,36,10,25,76,67,16,69,218,.259,.339,.471,.809,119,.367,122,291,12,6,2,1,2,,,,,,,,,,,,,,,,,,,,,,,2026-09-25T10:45:43Z,https://www.baseball-reference.com/teams/CIN/2024.shtml,https://www.baseball-reference.com/players/d/delacel01.shtml,true,87,61,A
greenhu01,CIN,2024,pitching,true,1,Hunter Greene,1999-08-06,"Los Angeles, CA",R,R,77,242,2022-04-10,SP,Pitcher,,Cincinnati Reds,77,85,77-85,6.0,26,,,47,96,,,12,,,,57,169,,,,,,,,,,19,,,0,9,5,.643,2.75,26,0,0,0,0,150.1,46,1,7,611,160,3.47,1.018,5.7,0.7,3.4,10.1,2.96,2026-09-25T10:45:43Z,https://www.baseball-reference.com/teams/CIN/2024.shtml,https://www.baseball-reference.com/players/g/greenhu01.shtml,true,91,36,A
fryda01,CLE,2024,batting,true,1,David Fry,1995-11-20,"Irving, TX",R,R,73,215,2023-05-01,DH,"Designated Hitter, Pinch Hitter and Outfielder",DH237/59,Cleveland Guardians,92,69,92-69,1.4,122,392,335,44,88,18,1,14,51,4,1,42,84,.263,.356,.448,.804,128,.352,128,150,13,9,0,4,4,,,,,,,,,,,,,,,,,,,,,,,2026-09-25T10:45:47Z,https://www.baseball-reference.com/teams/CLE/2024.shtml,https://www.baseball-reference.com/players/f/fryda01.shtml,false,,,
kwanst01,CLE,2024,batting,true,2,Steven Kwan,1997-09-05,"Los Gatos, CA",L,L,68,170,2022-04-07,LF,Leftfielder,*7/DH,Cleveland Guardians,92,69,92-69,4.0,122,540,480,83,140,16,3,14,44,12,5,53,51,.292,.368,.425,.793,126,.352,128,204,5,5,2,0,0,,,,,,,,,,,,,,,,,,,,,,,2026-09-25T10:45:47Z,https://www.baseball-reference.com/teams/CLE/2024.shtml,https://www.baseball-reference.com/players/k/kwanst01.shtml,false,,,
naylojo01,CLE,2024,batting,true,1,Josh Naylor,1997-06-22,"Mississauga, ON, Canada",L,L,70,235,2019-05-24,1B,First Baseman and Outfielder,*3D/H,Cleveland Guardians,92,69,92-69,1.5,152,633,563,84,137,27,0,31,108,6,2,58,105,.243,.320,.456,.776,118,.336,117,257,17,7,0,4,7,,,,,,,,,,,,,,,,,,,,,,,2026-09-25T10:45:47Z,https://www.baseball-reference.com/teams/CLE/2024.shtml,https://www.baseball-reference.com/players/n/naylojo01.shtml,false,,,
ramirjo01,CLE,2024,batting,true,2,José Ramírez,1992-09-17,"Bani, Dominican Republic",S,R,68,190,2013-09-01,3B,"Third Baseman, Second Baseman and Shortstop",*5D,Cleveland Guardians,92,69,92-69,6.8,158,682,620,114,173,39,2,39,118,41,7,54,82,.279,.335,.537,.872,143,.376,140,333,9,1,0,6,12,,,,,,,,,,,,,,,,,,,,,,,2026-09-25T10:45:47Z,https://www.baseball-reference.com/teams/CLE/2024.shtml,https://www.baseball-reference.com/players/r/ramirjo01.shtml,true,95,16,A
claseem01,CLE,2024,pitching,true,1,Emmanuel Clase,1998-03-18,"Rio San Juan, Dominican Republic",R,R,74,206,2019-08-04,CL,Pitcher,,Cleveland Guardians,92,69,92-69,4.4,74,,,10,39,,,2,,,,10,66,,,,,,,,,,2,,,1,4,2,.667,0.61,0,66,0,0,47,74.1,5,0,2,270,667,2.22,0.659,4.7,0.2,1.2,8.0,6.60,2026-09-25T10:45:47Z,https://www.baseball-reference.com/teams/CLE/2024.shtml,https://www.baseball-reference.com/players/c/claseem01.shtml,false,,,
mcmahry01,COL,2024,batting,true,1,Ryan McMahon,1994-12-14,"Yorba Linda, CA",L,R,74,211,2017-08-12,3B,"Third Baseman, Second Baseman and First Baseman",*5/DH,Colorado Rockies,61,101,61-101,2.3,153,645,567,68,137,28,0,20,65,4,6,69,185,.242,.325,.397,.722,93,.311,88,225,9,3,0,4,4,,,,,,,,,,,,,,,,,,,,,,,2026-09-25T10:45:51Z,https://www.baseball-reference.com/teams/COL/2024.shtml,https://www.baseball-reference.com/players/m/mcmahry01.shtml,false,,,
greenri03,DET,2024,batting,true,3,Riley Greene,2000-09-28,"Orlando, FL",L,L,74,200,2022-06-18,LF,Outfielder,7D8/9H,Detroit Tigers,86,76,86-76,5.3,137,584,512,82,134,27,6,24,74,4,2,64,156,.262,.348,.479,.827,131,.358,131,245,2,5,0,2,3,,,,,,,,,,,,,,,,,,,,,,,2026-09-25T10:45:55Z,https://www.baseball-reference.com/teams/DET/2024.shtml,https://www.baseball-reference.com/players/g/greenri03.shtml,false,,,
skubata01,DET,2024,pitching,true,2,Tarik Skubal,1996-11-20,"Hayward, CA",R,L,75,240,2020-08-18,SP,Pitcher,,Detroit Tigers,86,76,86-76,6.7,31,,,54,142,,,15,,,,35,228,,,,,,,,,,9,,,0,18,4,.818,2.39,31,0,0,0,0,192.0,51,0,2,753,174,2.49,0.922,6.7,0.7,1.6,10.7,6.51,2026-09-25T10:45:55Z,https://www.baseball-reference.com/teams/DET/2024.shtml,https://www.baseball-reference.com/players/s/skubata01.shtml,true,99,6,A
altuvjo01,HOU,2024,batting,true,1,Jose Altuve,1990-05-06,"Puerto Cabello, Venezuela",R,R,66,167,2011-07-20,2B,Second Baseman,*4/DH,Houston Astros,88,73,88-73,3.2,153,682,628,94,185,31,0,20,65,22,7,47,119,.295,.350,.439,.790,124,.348,124,276,15,7,0,0,2,,,,,,,,,,,,,,,,,,,,,,,2026-09-25T10:45:59Z,https://www.baseball-reference.com/teams/HOU/2024.shtml,https://www.baseball-reference.com/players/a/altuvjo01.shtml,true,85,85,A
alvaryo01,HOU,2024,batting,true,2,Yordan Alvarez,1997-06-27,"Las Tunas, Cuba",L,R,76,237,2019-06-09,DH,Designated Hitter and Leftfielder,D7,Houston Astros,88,73,88-73,5.2,147,635,552,88,170,34,2,35,86,6,0,69,95,.308,.392,.567,.959,170,.406,167,313,14,10,0,4,16,,,,,,,,,,,,,,,,,,,,,,,2026-09-25T10:45:59Z,https://www.baseball-reference.com/teams/HOU/2024.shtml,https://www.baseball-reference.com/players/a/alvaryo01.shtml,true,91,39,A
tuckeky01,HOU,2024,batting,true,2,Kyle Tucker,1997-01-17,"Tampa, FL",L,R,75,212,2018-07-07,RF,Rightfielder,9/DH,Houston Astros,88,73,88-73,4.6,78,339,277,56,80,13,0,23,49,11,0,56,54,.289,.408,.585,.993,179,.426,177,162,5,1,0,2,3,,,,,,,,,,,,,,,,,,,,,,,2026-09-25T10:45:59Z,https://www.baseball-reference.com/teams/HOU/2024.shtml,https://www.baseball-reference.com/players/t/tuckeky01.shtml,true,93,29,A
perezsa02,KCR,2024,batting,true,1,Salvador Perez,1990-05-10,"Valencia, Venezuela",R,R,74,255,2011-08-10,C,Catcher and First Baseman,23D/H,Kansas City Royals,86,76,86-76,2.8,158,652,590,58,160,28,0,27,104,0,0,44,129,.271,.330,.456,.786,122,.339,119,269,17,11,0,6,9,,,,,,,,,,,,,,,,,,,,,,,2026-09-25T10:46:03Z,https://www.baseball-reference.com/teams/KCR/2024.shtml,https://www.baseball-reference.com/players/p/perezsa02.shtml,false,,,
wittbo02,KCR,2024,batting,true,3,Bobby Witt Jr.,2000-06-14,"Colleyville, TX",R,R,73,200,2022-04-07,SS,Shortstop and Third Baseman,*6/D,Kansas City Royals,86,76,86-76,9.6,161,709,636,125,211,45,11,32,109,31,12,57,106,.332,.389,.588,.977,174,.416,174,374,4,8,0,8,9,,,,,,,,,,,,,,,,,,,,,,,2026-09-25T10:46:03Z,https://www.baseball-reference.com/teams/KCR/2024.shtml,https://www.baseball-reference.com/players/w/wittbo02.shtml,true,99,2,A
lugose01,KCR,2024,pitching,true,1,Seth Lugo,1989-11-17,"Shreveport, LA",R,R,76,225,2016-07-01,SP,Pitcher,,Kansas City Royals,86,76,86-76,5.0,33,,,75,177,,,16,,,,48,181,,,,,,,,,,9,,,1,16,9,.640,3.00,33,0,1,0,0,206.2,69,0,4,836,137,3.25,1.089,7.7,0.7,2.1,7.9,3.77,2026-09-25T10:46:03Z,https://www.baseball-reference.com/teams/KCR/2024.shtml,https://www.baseball-reference.com/players/l/lugose01.shtml,false,,,
raganco01,KCR,2024,pitching,true,1,Cole Ragans,1997-12-12,"Crawfordville, FL",L,L,76,190,2022-08-04,SP,Pitcher,,Kansas City Royals,86,76,86-76,4.7,32,,,71,146,,,15,,,,67,223,,,,,,,,,,6,,,1,11,9,.550,3.14,32,0,1,0,0,186.1,65,0,11,762,131,2.99,1.143,7.1,0.7,3.2,10.8,3.33,2026-09-25T10:46:03Z,https://www.baseball-reference.com/teams/KCR/2024.shtml,https://www.baseball-reference.com/players/r/raganco01.shtml,false,,,
anderty01,LAA,2024,pitching,true,1,Tyler Anderson,1989-12-30,"Las Vegas, NV",L,L,74,220,2016-06-12,SP,Pitcher,,Los Angeles Angels,63,99,63-99,2.9,31,,,83,158,,,24,,,,73,142,,,,,,,,,,7,,,2,10,15,.400,3.81,31,0,0,0,0,179.1,76,1,3,765,110,4.66,1.288,7.9,1.2,3.7,7.1,1.95,2026-09-25T10:46:07Z,https://www.baseball-reference.com/teams/LAA/2024.shtml,https://www.baseball-reference.com/players/a/anderty01.shtml,false,,,
bettsmo01,LAD,2024,batting,true,1,Mookie Betts,1992-10-07,"Nashville, TN",R,R,69,180,2014-06-29,UT,"Rightfielder, Shortstop and Second Baseman",694/H,Los Angeles Dodgers,98,64,98-64,4.6,116,516,450,75,130,24,5,19,75,16,2,61,57,.289,.372,.491,.863,143,.377,142,221,10,1,0,4,2,,,,,,,,,,,,,,,,,,,,,,,2026-09-25T10:46:11Z,https://www.baseball-reference.com/teams/LAD/2024.shtml,https://www.baseball-reference.com/players/b/bettsmo01.shtml,true,92,33,A
freemfr01,LAD,2024,batting,true,3,Freddie Freeman,1989-09-12,"Villa Park, CA",L,R,76,220,2010-09-01,1B,First Baseman,*3,Los Angeles Dodgers,98,64,98-64,4.5,147,638,542,81,153,35,2,22,89,9,2,78,100,.282,.378,.476,.854,141,.370,140,258,13,10,0,8,9,,,,,,,,,,,,,,,,,,,,,,,2026-09-25T10:46:11Z,https://www.baseball-reference.com/teams/LAD/2024.shtml,https://www.baseball-reference.com/players/f/freemfr01.shtml,true,90,43,A
hernate01,LAD,2024,batting,true,1,Teoscar Hernández,1992-10-15,"Cotui, Dominican Republic",R,R,72,215,2016-08-12,LF,Outfielder,*79,Los Angeles Dodgers,98,64,98-64,4.1,154,652,589,84,160,32,2,33,99,12,3,53,188,.272,.339,.501,.840,135,.368,138,295,7,8,0,1,3,,,,,,,,,,,,,,,,,,,,,,,2026-09-25T10:46:11Z,https://www.baseball-reference.com/teams/LAD/2024.shtml,https://www.baseball-reference.com/players/h/hernate01.shtml,false,,,
ohtansh01,LAD,2024,batting,true,3,Shohei Ohtani,1994-07-05,"Oshu, Japan",L,R,76,210,2018-03-29,DH,Designated Hitter and Pitcher,*D,Los Angeles Dodgers,98,64,98-64,9.0,159,731,636,134,197,38,7,54,130,59,4,81,162,.310,.390,.646,1.036,187,.449,188,411,7,6,0,5,10,,,,,,,,,,,,,,,,,,,,,,,2026-09-25T10:46:11Z,https://www.baseball-reference.com/teams/LAD/2024.shtml,https://www.baseball-reference.com/players/o/ohtansh01.shtml,true,99,5,A
smithwi05,LAD,2024,batting,true,2,Will Smith,1995-03-28,"Louisville, KY",R,R,70,195,2019-05-28,C,Catcher,*2/HD,Los Angeles Dodgers,98,64,98-64,3.4,128,544,476,77,118,24,2,20,75,1,1,51,105,.248,.327,.433,.760,114,.327,110,206,8,9,0,8,6,,,,,,,,,,,,,,,,,,,,,,,2026-09-25T10:46:11Z,https://www.baseball-reference.com/teams/LAD/2024.shtml,https://www.baseball-reference.com/players/s/smithwi05.shtml,true,88,58,A
glasnty01,LAD,2024,pitching,true,1,Tyler Glasnow,1993-08-23,"Newhall, CA",L,R,80,225,2016-07-07,SP,Pitcher,,Los Angeles Dodgers,98,64,98-64,2.2,22,,,53,92,,,15,,,,35,168,,,,,,,,,,0,,,0,9,6,.600,3.49,22,0,0,0,0,134.0,52,1,12,522,114,2.90,0.948,6.2,1.0,2.4,11.3,4.80,2026-09-25T10:46:11Z,https://www.baseball-reference.com/teams/LAD/2024.shtml,https://www.baseball-reference.com/players/g/glasnty01.shtml,true,91,38,A
arraelu01,MIA,2024,batting,true,2,Luis Arraez,1997-04-09,"San Felipe, Venezuela",L,R,70,186,2019-05-18,2B,"Second Baseman, First Baseman and Third Baseman",4/3,Miami Marlins,62,100,62-100,0.2,33,148,137,22,41,8,1,0,5,0,0,8,11,.299,.347,.372,.719,100,.326,104,51,5,2,1,0,0,,,,,,,,,,,,,,,,,,,,,,,2026-09-25T10:46:15Z,https://www.baseball-reference.com/teams/MIA/2024.shtml,https://www.baseball-reference.com/players/a/arraelu01.shtml,false,,,
scottta01,MIA,2024,pitching,true,1,Tanner Scott,1994-07-22,"Warren, OH",R,L,72,235,2017-09-20,CL,Pitcher,,Miami Marlins,62,100,62-100,3.0,44,,,10,19,,,2,,,,27,53,,,,,,,,,,1,,,2,6,5,.545,1.18,0,35,0,0,18,45.2,6,0,0,182,363,3.25,1.007,3.7,0.4,5.3,10.4,1.96,2026-09-25T10:46:15Z,https://www.baseball-reference.com/teams/MIA/2024.shtml,https://www.baseball-reference.com/players/s/scottta01.shtml,false,,,
contrwi02,MIL,2024,batting,true,2,William Contreras,1997-12-24,"Puerto Cabello, Venezuela",R,R,70,217,2020-07-24,C,Catcher,*2D/H,Milwaukee Brewers,93,69,93-69,5.0,155,679,595,99,167,37,2,23,92,9,2,78,139,.281,.365,.466,.831,130,.361,130,277,19,3,0,3,5,,,,,,,,,,,,,,,,,,,,,,,2026-09-25T10:46:19Z,https://www.baseball-reference.com/teams/MIL/2024.shtml,https://www.baseball-reference.com/players/c/contrwi02.shtml,true,87,71,A
yelicch01,MIL,2024,batting,true,1,Christian Yelich,1991-12-05,"Thousand Oaks, CA",L,R,76,220,2013-07-23,LF,Leftfielder,7D,Milwaukee Brewers,93,69,93-69,2.3,73,315,270,44,85,12,3,11,42,21,1,40,58,.315,.406,.504,.909,152,.404,152,136,3,2,1,1,3,,,,,,,,,,,,,,,,,,,,,,,2026-09-25T10:46:19Z,https://www.baseball-reference.com/teams/MIL/2024.shtml,https://www.baseball-reference.com/players/y/yelicch01.shtml,true,84,96,B
castrwi01,MIN,2024,batting,true,1,Willi Castro,1997-04-24,"Rio Piedras, Puerto Rico",S,R,72,209,2019-08-24,UT,"Outfielder, Second Baseman and Shortstop",64785/H1,Minnesota Twins,82,80,82-80,1.6,158,635,558,89,138,31,5,12,60,14,9,51,150,.247,.331,.385,.717,102,.326,108,215,8,21,1,4,0,,,,,,,,,,,,,,,,,,,,,,,2026-09-25T10:46:23Z,https://www.baseball-reference.com/teams/MIN/2024.shtml,https://www.baseball-reference.com/players/c/castrwi01.shtml,false,,,
correca01,MIN,2024,batting,true,1,Carlos Correa,1994-09-22,"Ponce, Puerto Rico",R,R,75,220,2015-06-08,SS,Shortstop and Third Baseman,6/DH,Minnesota Twins,82,80,82-80,3.7,86,367,319,55,99,20,2,14,54,0,0,40,61,.310,.388,.517,.905,152,.393,155,165,5,3,0,4,4,,,,,,,,,,,,,,,,,,,,,,,2026-09-25T10:46:23Z,https://www.baseball-reference.com/teams/MIN/2024.shtml,https://www.baseball-reference.com/players/c/correca01.shtml,false,,,
castrwi01,MIN,2024,pitching,true,1,Willi Castro,1997-04-24,"Rio Piedras, Puerto Rico",S,R,72,209,2019-08-24,UT,"Outfielder, Second Baseman and Shortstop",,Minnesota Twins,82,80,82-80,0.1,2,,,0,0,,,0,,,,0,0,,,,,,,,,,0,,,0,0,0,,0.00,0,2,0,0,0,1.1,0,0,0,4,,3.17,0.000,0.0,0.0,0.0,0.0,,2026-09-25T10:46:23Z,https://www.baseball-reference.com/teams/MIN/2024.shtml,https://www.baseball-reference.com/players/c/castrwi01.shtml,false,,,
alonspe01,NYM,2024,batting,true,2,Pete Alonso,1994-12-07,"Tampa, FL",R,R,75,245,2019-03-28,1B,First Baseman,*3/DH,New York Mets,89,73,89-73,2.5,162,695,608,91,146,31,0,34,88,3,0,70,172,.240,.329,.459,.788,122,.341,121,279,14,13,0,4,4,,,,,,,,,,,,,,,,,,,,,,,2026-09-25T10:46:27Z,https://www.baseball-reference.com/teams/NYM/2024.shtml,https://www.baseball-reference.com/players/a/alonspe01.shtml,true,85,88,A
judgeaa01,NYY,2024,batting,true,3,Aaron Judge,1992-04-26,"Sacramento, CA",R,R,79,282,2016-08-13,CF,Rightfielder,*8D/97,New York Yankees,94,68,94-68,10.9,158,704,559,122,180,36,1,58,144,10,0,133,171,.322,.458,.701,1.159,225,.484,224,392,22,9,0,2,20,,,,,,,,,,,,,,,,,,,,,,,2026-09-25T04:24:16Z,https://www.baseball-reference.com/teams/NYY/2024.shtml,https://www.baseball-reference.com/players/j/judgeaa01.shtml,true,99,1,A
sotoju01,NYY,2024,batting,true,2,Juan Soto,1998-10-25,"Santo Domingo, Dominican Republic",L,L,73,224,2018-05-20,RF,Outfielder,*9/7DH,New York Yankees,94,68,94-68,8.0,157,713,576,128,166,31,4,41,109,7,4,129,119,.288,.419,.569,.989,179,.424,180,328,10,4,0,4,2,,,,,,,,,,,,,,,,,,,,,,,2026-09-25T04:24:16Z,https://www.baseball-reference.com/teams/NYY/2024.shtml,https://www.baseball-reference.com/players/s/sotoju01.shtml,true,98,8,A
holmecl01,NYY,2024,pitching,true,1,Clay Holmes,1993-03-27,"Dothan, AL",R,R,77,245,2018-04-06,CL,Pitcher,,New York Yankees,94,68,94-68,0.6,67,,,29,60,,,4,,,,22,68,,,,,,,,,,3,,,1,3,5,.375,3.14,0,50,0,0,30,63.0,22,0,4,271,129,3.02,1.302,8.6,0.6,3.1,9.7,3.09,2026-09-25T04:24:16Z,https://www.baseball-reference.com/teams/NYY/2024.shtml,https://www.baseball-reference.com/players/h/holmecl01.shtml,false,,,
millema03,OAK,2024,pitching,true,2,Mason Miller,1998-08-24,"Pittsburgh, PA",R,R,77,200,2023-04-19,CL,Pitcher,,Oakland Athletics,69,93,69-93,2.5,55,,,23,36,,,6,,,,21,104,,,,,,,,,,1,,,3,2,2,.500,2.49,0,44,0,0,28,65.0,18,0,2,249,159,2.18,0.877,5.0,0.8,2.9,14.4,4.95,2026-09-25T10:46:31Z,https://www.baseball-reference.com/teams/OAK/2024.shtml,https://www.baseball-reference.com/players/m/millema03.shtml,true,90,45,A
bohmal01,PHI,2024,batting,true,1,Alec Bohm,1996-08-03,"Omaha, NE",R,R,76,218,2020-08-13,3B,Third Baseman and First Baseman,*53/DH,Philadelphia Phillies,95,67,95-67,2.8,143,606,554,62,155,44,2,15,97,5,2,40,86,.280,.332,.448,.779,114,.340,114,248,18,6,0,6,2,,,,,,,,,,,,,,,,,,,,,,,2026-09-25T10:46:35Z,https://www.baseball-reference.com/teams/PHI/2024.shtml,https://www.baseball-reference.com/players/b/bohmal01.shtml,false,,,
harpebr03,PHI,2024,batting,true,2,Bryce Harper,1992-10-16,"Las Vegas, NV",L,R,73,210,2012-04-28,1B,Rightfielder and First Baseman,*3/D,Philadelphia Phillies,95,67,95-67,4.6,145,631,550,85,157,42,0,30,87,7,4,76,138,.285,.373,.525,.898,146,.381,145,289,18,2,1,2,11,,,,,,,,,,,,,,,,,,,,,,,2026-09-25T10:46:35Z,https://www.baseball-reference.com/teams/PHI/2024.shtml,https://www.baseball-reference.com/players/h/harpebr03.shtml,true,92,32,A
turnetr01,PHI,2024,batting,true,1,Trea Turner,1993-06-30,"Boynton Beach, FL",R,R,73,185,2015-08-21,SS,Shortstop and Second Baseman,*6/D,Philadelphia Phillies,95,67,95-67,2.8,121,539,505,88,149,25,0,21,62,19,4,27,98,.295,.338,.469,.807,121,.358,124,237,10,6,0,1,0,,,,,,,,,,,,,,,,,,,,,,,2026-09-25T10:46:35Z,https://www.baseball-reference.com/teams/PHI/2024.shtml,https://www.baseball-reference.com/players/t/turnetr01.shtml,true,91,37,A
hoffmje02,PHI,2024,pitching,true,1,Jeff Hoffman,1993-01-08,"Latham, NY",R,R,77,235,2016-08-20,RP,Pitcher,,Philadelphia Phillies,95,67,95-67,2.2,68,,,20,48,,,6,,,,16,89,,,,,,,,,,3,,,1,3,3,.500,2.17,0,21,0,0,10,66.1,16,0,5,265,194,2.52,0.965,6.5,0.8,2.2,12.1,5.56,2026-09-25T10:46:35Z,https://www.baseball-reference.com/teams/PHI/2024.shtml,https://www.baseball-reference.com/players/h/hoffmje02.shtml,false,,,
sanchcr01,PHI,2024,pitching,true,2,Cristopher Sánchez,1996-12-12,"La Romana, Dominican Republic",L,L,78,200,2021-06-06,SP,Pitcher,,Philadelphia Phillies,95,67,95-67,3.8,31,,,76,182,,,11,,,,44,153,,,,,,,,,,0,,,0,11,9,.550,3.32,31,0,2,1,0,181.2,67,1,7,754,126,3.00,1.244,9.0,0.5,2.2,7.6,3.48,2026-09-25T10:46:35Z,https://www.baseball-reference.com/teams/PHI/2024.shtml,https://www.baseball-reference.com/players/s/sanchcr01.shtml,true,93,25,A
strahma01,PHI,2024,pitching,true,1,Matt Strahm,1991-11-12,"West Fargo, ND",R,L,74,190,2016-07-31,RP,Pitcher,,Philadelphia Phillies,95,67,95-67,2.6,66,,,14,36,,,4,,,,11,79,,,,,,,,,,6,,,1,6,2,.750,1.87,0,10,0,0,3,62.2,13,0,2,237,225,2.29,0.750,5.2,0.6,1.6,11.3,7.18,2026-09-25T10:46:35Z,https://www.baseball-reference.com/teams/PHI/2024.shtml,https://www.baseball-reference.com/players/s/strahma01.shtml,false,,,
suarera01,PHI,2024,pitching,true,2,Ranger Suarez,1995-08-26,"Pie de Cuesta, Venezuela",L,L,73,217,2018-07-26,SP,Pitcher,,Philadelphia Phillies,95,67,95-67,2.9,27,,,63,140,,,14,,,,41,145,,,,,,,,,,5,,,1,12,8,.600,3.46,27,0,1,1,0,150.2,58,2,1,626,121,3.37,1.201,8.4,0.8,2.4,8.7,3.54,2026-09-25T10:46:35Z,https://www.baseball-reference.com/teams/PHI/2024.shtml,https://www.baseball-reference.com/players/s/suarera01.shtml,true,88,57,A
wheelza01,PHI,2024,pitching,true,2,Zack Wheeler,1990-05-30,"Smyrna, GA",L,R,76,195,2013-06-18,SP,Pitcher,,Philadelphia Phillies,95,67,95-67,6.5,32,,,62,139,,,20,,,,52,224,,,,,,,,,,8,,,0,16,7,.696,2.57,32,0,0,0,0,200.0,57,0,8,787,163,3.13,0.955,6.3,0.9,2.3,10.1,4.31,2026-09-25T10:46:35Z,https://www.baseball-reference.com/teams/PHI/2024.shtml,https://www.baseball-reference.com/players/w/wheelza01.shtml,true,99,7,A
reynobr01,PIT,2024,batting,true,1,Bryan Reynolds,1995-01-27,"Baltimore, MD",S,R,74,210,2019-04-20,LF,Outfielder,*7D9,Pittsburgh Pirates,76,86,76-86,3.6,156,692,622,73,171,29,3,24,88,10,2,57,156,.275,.344,.447,.791,120,.355,126,278,7,10,0,3,3,,,,,,,,,,,,,,,,,,,,,,,2026-09-25T10:46:39Z,https://www.baseball-reference.com/teams/PIT/2024.shtml,https://www.baseball-reference.com/players/r/reynobr01.shtml,false,,,
skenepa01,PIT,2024,pitching,true,3,Paul Skenes,2002-05-29,"Fullerton, CA",R,R,78,260,2024-05-11,SP,Pitcher,,Pittsburgh Pirates,76,86,76-86,5.8,23,,,31,94,,,10,,,,32,170,,,,,,,,,,6,,,0,11,3,.786,1.96,23,0,0,0,0,133.0,29,1,2,514,211,2.44,0.947,6.4,0.7,2.2,11.5,5.31,2026-09-25T10:46:39Z,https://www.baseball-reference.com/teams/PIT/2024.shtml,https://www.baseball-reference.com/players/s/skenepa01.shtml,true,99,4,A
arraelu01,SDP,2024,batting,true,2,Luis Arraez,1997-04-09,"San Felipe, Venezuela",L,R,70,186,2019-05-18,DH,"Second Baseman, First Baseman and Third Baseman",3D/4H,San Diego Padres,93,69,93-69,0.9,117,524,500,61,159,24,2,4,41,9,3,16,18,.318,.346,.398,.744,108,.327,106,199,13,6,1,1,3,,,,,,,,,,,,,,,,,,,,,,,2026-09-25T10:46:43Z,https://www.baseball-reference.com/teams/SDP/2024.shtml,https://www.baseball-reference.com/players/a/arraelu01.shtml,false,,,
merrija01,SDP,2024,batting,true,1,Jackson Merrill,2003-04-19,"Baltimore, MD",L,R,74,195,2024-03-20,CF,Centerfielder,*8/H,San Diego Padres,93,69,93-69,4.5,156,593,554,77,162,31,6,24,90,16,3,29,101,.292,.326,.500,.826,127,.357,126,277,2,1,4,5,1,,,,,,,,,,,,,,,,,,,,,,,2026-09-25T10:46:43Z,https://www.baseball-reference.com/teams/SDP/2024.shtml,https://www.baseball-reference.com/players/m/merrija01.shtml,true,86,79,A
profaju01,SDP,2024,batting,true,1,Jurickson Profar,1993-02-20,"Willemstad, Curacao",S,R,71,184,2012-09-02,LF,"Leftfielder, Second Baseman and Shortstop",*7/D3,San Diego Padres,93,69,93-69,3.6,158,668,564,94,158,29,0,24,85,10,3,76,101,.280,.380,.459,.839,134,.369,137,259,14,18,5,5,4,,,,,,,,,,,,,,,,,,,,,,,2026-09-25T10:46:43Z,https://www.baseball-reference.com/teams/SDP/2024.shtml,https://www.baseball-reference.com/players/p/profaju01.shtml,false,,,
tatisfe02,SDP,2024,batting,true,2,Fernando Tatis Jr.,1999-01-02,"San Pedro de Macoris, Dominican Republic",R,R,75,217,2019-03-28,RF,"Rightfielder, Shortstop and Second Baseman",9/DH,San Diego Padres,93,69,93-69,2.7,102,438,398,64,110,21,1,21,49,11,3,32,96,.276,.340,.492,.833,130,.360,129,196,8,7,0,1,0,,,,,,,,,,,,,,,,,,,,,,,2026-09-25T10:46:43Z,https://www.baseball-reference.com/teams/SDP/2024.shtml,https://www.baseball-reference.com/players/t/tatisfe02.shtml,true,93,26,A
scottta01,SDP,2024,pitching,true,1,Tanner Scott,1994-07-22,"Warren, OH",R,L,72,235,2017-09-20,P,Pitcher,,San Diego Padres,93,69,93-69,0.7,28,,,10,26,,,1,,,,9,31,,,,,,,,,,0,,,2,3,1,.750,2.73,0,6,0,0,4,26.1,8,0,0,112,152,2.33,1.329,8.9,0.3,3.1,10.6,3.44,2026-09-25T10:46:43Z,https://www.baseball-reference.com/teams/SDP/2024.shtml,https://www.baseball-reference.com/players/s/scottta01.shtml,false,,,
suarero01,SDP,2024,pitching,true,2,Robert Suarez,1991-03-01,"Bolivar, Venezuela",R,R,74,210,2022-04-07,CL,Pitcher,,San Diego Padres,93,69,93-69,2.1,65,,,21,52,,,7,,,,16,59,,,,,,,,,,0,,,1,9,3,.750,2.77,0,55,0,0,36,65.0,20,0,1,258,149,3.49,1.046,7.2,1.0,2.2,8.2,3.69,2026-09-25T10:46:43Z,https://www.baseball-reference.com/teams/SDP/2024.shtml,https://www.baseball-reference.com/players/s/suarero01.shtml,false,,,
gilbelo01,SEA,2024,pitching,true,1,Logan Gilbert,1997-05-05,"Winter Park, FL",R,R,78,215,2021-05-13,SP,Pitcher,,Seattle Mariners,85,77,85-77,3.0,33,,,83,148,,,26,,,,37,220,,,,,,,,,,4,,,1,9,12,.429,3.23,33,0,1,0,0,208.2,75,0,11,803,115,3.27,0.887,6.4,1.1,1.6,9.5,5.95,2026-09-25T10:46:47Z,https://www.baseball-reference.com/teams/SEA/2024.shtml,https://www.baseball-reference.com/players/g/gilbelo01.shtml,true,93,30,A
munozan01,SEA,2024,pitching,true,2,Andrés Muñoz,1999-01-16,"Los Mochis, Mexico",R,R,74,222,2019-07-12,CL,Pitcher,,Seattle Mariners,85,77,85-77,2.1,60,,,16,31,,,6,,,,26,77,,,,,,,,,,3,,,3,3,7,.300,2.12,0,41,0,0,22,59.1,14,1,3,232,175,3.35,0.961,4.7,0.9,3.9,11.7,2.96,2026-09-25T10:46:47Z,https://www.baseball-reference.com/teams/SEA/2024.shtml,https://www.baseball-reference.com/players/m/munozan01.shtml,true,86,73,A
ramoshe02,SFG,2024,batting,true,1,Heliot Ramos,1999-09-07,"Humacao, Puerto Rico",R,R,71,235,2022-04-10,CF,Leftfielder,*87/9DH,San Francisco Giants,80,82,80-82,2.3,121,518,475,54,128,23,3,22,72,6,1,37,135,.269,.322,.469,.792,124,.349,128,223,12,2,0,4,2,,,,,,,,,,,,,,,,,,,,,,,2026-09-25T10:46:51Z,https://www.baseball-reference.com/teams/SFG/2024.shtml,https://www.baseball-reference.com/players/r/ramoshe02.shtml,false,,,
webblo01,SFG,2024,pitching,true,3,Logan Webb,1996-11-18,"Rocklin, CA",R,R,74,221,2019-08-17,SP,Pitcher,,San Francisco Giants,80,82,80-82,3.8,33,,,83,202,,,11,,,,50,172,,,,,,,,,,2,,,3,13,10,.565,3.47,33,0,1,1,0,204.2,79,1,4,841,112,2.95,1.231,8.9,0.5,2.2,7.6,3.44,2026-09-25T10:46:51Z,https://www.baseball-reference.com/teams/SFG/2024.shtml,https://www.baseball-reference.com/players/w/webblo01.shtml,true,94,22,B
helslry01,STL,2024,batting,true,1,Ryan Helsley,1994-07-18,"Tahlequah, OK",R,R,74,235,2019-04-16,P,Pitcher,1,St. Louis Cardinals,83,79,83-79,0.0,2,0,0,0,0,0,0,0,0,0,0,0,0,,,,,,,,0,0,0,0,0,0,,,,,,,,,,,,,,,,,,,,,,,2026-09-25T10:46:55Z,https://www.baseball-reference.com/teams/STL/2024.shtml,https://www.baseball-reference.com/players/h/helslry01.shtml,false,,,
helslry01,STL,2024,pitching,true,1,Ryan Helsley,1994-07-18,"Tahlequah, OK",R,R,74,235,2019-04-16,CL,Pitcher,,St. Louis Cardinals,83,79,83-79,2.8,65,,,19,50,,,3,,,,23,79,,,,,,,,,,0,,,3,7,4,.636,2.04,0,62,0,0,49,66.1,15,0,1,266,202,2.41,1.101,6.8,0.4,3.1,10.7,3.43,2026-09-25T10:46:55Z,https://www.baseball-reference.com/teams/STL/2024.shtml,https://www.baseball-reference.com/players/h/helslry01.shtml,false,,,
paredis01,TBR,2024,batting,true,2,Isaac Paredes,1999-02-18,"Hermosillo, Mexico",R,R,71,213,2020-08-17,3B,"Third Baseman, First Baseman and Second Baseman",53D/H,Tampa Bay Rays,80,82,80-82,2.4,101,429,363,41,89,19,1,16,55,0,1,52,68,.245,.357,.435,.792,127,.349,129,158,13,12,0,2,2,,,,,,,,,,,,,,,,,,,,,,,2026-09-25T10:46:59Z,https://www.baseball-reference.com/teams/TBR/2024.shtml,https://www.baseball-reference.com/players/p/paredis01.shtml,false,,,
seageco01,TEX,2024,batting,true,1,Corey Seager,1994-04-27,"Charlotte, NC",L,R,76,215,2015-09-03,SS,Shortstop,*6D/H,Texas Rangers,78,84,78-84,5.2,123,533,475,68,132,21,0,30,74,1,1,53,96,.278,.353,.512,.864,149,.363,144,243,8,3,0,2,11,,,,,,,,,,,,,,,,,,,,,,,2026-09-25T10:47:03Z,https://www.baseball-reference.com/teams/TEX/2024.shtml,https://www.baseball-reference.com/players/s/seageco01.shtml,true,94,19,A
semiema01,TEX,2024,batting,true,1,Marcus Semien,1990-09-17,"San Francisco, CA",R,R,72,195,2013-09-04,2B,Second Baseman and Shortstop,*4,Texas Rangers,78,84,78-84,4.5,159,718,650,101,154,27,2,23,74,8,3,64,105,.237,.308,.391,.699,103,.310,104,254,9,3,0,1,2,,,,,,,,,,,,,,,,,,,,,,,2026-09-25T10:47:03Z,https://www.baseball-reference.com/teams/TEX/2024.shtml,https://www.baseball-reference.com/players/s/semiema01.shtml,true,85,86,A
yateski01,TEX,2024,batting,true,1,Kirby Yates,1987-03-25,"Lihue, HI",L,R,70,205,2014-06-07,P,Pitcher,1,Texas Rangers,78,84,78-84,0.0,3,0,0,0,0,0,0,0,0,0,0,0,0,,,,,,,,0,0,0,0,0,0,,,,,,,,,,,,,,,,,,,,,,,2026-09-25T10:47:03Z,https://www.baseball-reference.com/teams/TEX/2024.shtml,https://www.baseball-reference.com/players/y/yateski01.shtml,false,,,
yateski01,TEX,2024,pitching,true,1,Kirby Yates,1987-03-25,"Lihue, HI",L,R,70,205,2014-06-07,CL,Pitcher,,Texas Rangers,78,84,78-84,3.1,61,,,10,23,,,3,,,,28,85,,,,,,,,,,2,,,5,7,2,.778,1.17,0,50,0,0,33,61.2,8,2,1,237,326,2.50,0.827,3.4,0.4,4.1,12.4,3.04,2026-09-25T10:47:03Z,https://www.baseball-reference.com/teams/TEX/2024.shtml,https://www.baseball-reference.com/players/y/yateski01.shtml,false,,,
guerrvl02,TOR,2024,batting,true,3,Vladimir Guerrero Jr.,1999-03-16,"Montreal, QC, Canada",R,R,72,245,2019-04-26,1B,First Baseman and Third Baseman,*3D5/H,Toronto Blue Jays,74,88,74-88,6.0,159,697,616,98,199,44,1,30,103,2,2,72,96,.323,.396,.544,.940,164,.399,163,335,16,5,0,4,12,,,,,,,,,,,,,,,,,,,,,,,2026-09-25T10:47:07Z,https://www.baseball-reference.com/teams/TOR/2024.shtml,https://www.baseball-reference.com/players/g/guerrvl02.shtml,true,94,24,A
abramcj01,WSN,2024,batting,true,2,CJ Abrams,2000-10-03,"Alpharetta, GA",L,R,72,191,2022-04-08,SS,Shortstop and Second Baseman,*6/H,Washington Nationals,71,91,71-91,3.3,138,602,541,79,133,29,6,20,65,31,12,40,128,.246,.314,.433,.747,109,.324,106,234,4,16,1,4,3,,,,,,,,,,,,,,,,,,,,,,,2026-09-25T10:47:11Z,https://www.baseball-reference.com/teams/WSN/2024.shtml,https://www.baseball-reference.com/players/a/abramcj01.shtml,false,,,
finneky01,WSN,2024,batting,true,1,Kyle Finnegan,1991-09-04,"Detroit, MI",R,R,74,198,2020-07-25,P,Pitcher,1,Washington Nationals,71,91,71-91,0.0,1,0,0,0,0,0,0,0,0,0,0,0,0,,,,,,,,0,0,0,0,0,0,,,,,,,,,,,,,,,,,,,,,,,2026-09-25T10:47:11Z,https://www.baseball-reference.com/teams/WSN/2024.shtml,https://www.baseball-reference.com/players/f/finneky01.shtml,false,,,
finneky01,WSN,2024,pitching,true,1,Kyle Finnegan,1991-09-04,"Detroit, MI",R,R,74,198,2020-07-25,CL,Pitcher,,Washington Nationals,71,91,71-91,1.0,65,,,31,61,,,9,,,,24,60,,,,,,,,,,0,,,3,3,8,.273,3.68,0,58,0,0,38,63.2,26,0,2,271,111,4.25,1.335,8.6,1.3,3.4,8.5,2.50,2026-09-25T10:47:11Z,https://www.baseball-reference.com/teams/WSN/2024.shtml,https://www.baseball-reference.com/players/f/finneky01.shtml,false,,,
carroco02,ARI,2025,batting,true,2,Corbin Carroll,2000-08-21,"Seattle, WA",L,L,70,180,2022-08-29,RF,Outfielder,*9/8DH,Arizona Diamondbacks,80,82,80-82,5.8,143,642,564,107,146,32,17,31,84,32,6,67,153,.259,.343,.541,.883,143,.382,138,305,6,7,0,4,4,,,,,,,,,,,,,,,,,,,,,,,2026-09-25T10:47:15Z,https://www.baseball-reference.com/teams/ARI/2025.shtml,https://www.baseball-reference.com/players/c/carroco02.shtml,true,89,47,A
marteke01,ARI,2025,batting,true,2,Ketel Marte,1993-10-12,"Nizao, Dominican Republic",S,R,72,210,2015-07-31,2B,"Second Baseman, Shortstop and Centerfielder",4D/H,Arizona Diamondbacks,80,82,80-82,4.4,126,556,480,87,136,28,0,28,72,4,2,64,83,.283,.376,.517,.893,147,.381,143,248,12,9,0,3,6,,,,,,,,,,,,,,,,,,,,,,,2026-09-25T10:47:15Z,https://www.baseball-reference.com/teams/ARI/2025.shtml,https://www.baseball-reference.com/players/m/marteke01.shtml,true,97,11,A
suareeu01,ARI,2025,batting,true,1,Eugenio Suárez,1991-07-18,"Puerto Ordaz, Venezuela",R,R,71,213,2014-06-04,3B,Third Baseman and Shortstop,5/DH3,Arizona Diamondbacks,80,82,80-82,3.3,106,437,387,64,96,19,0,36,87,1,0,29,117,.248,.320,.576,.897,144,.386,146,223,7,15,0,6,1,,,,,,,,,,,,,,,,,,,,,,,2026-09-25T10:47:15Z,https://www.baseball-reference.com/teams/ARI/2025.shtml,https://www.baseball-reference.com/players/s/suareeu01.shtml,true,86,78,A
rookebr01,ATH,2025,batting,true,1,Brent Rooker,1994-11-01,"Germantown, TN",R,R,75,225,2020-09-04,DH,Designated Hitter and Outfielder,*D9/7H,Athletics,76,86,76-86,1.8,162,699,626,92,164,40,3,30,89,6,1,65,155,.262,.335,.479,.814,122,.353,118,300,13,5,0,2,4,,,,,,,,,,,,,,,,,,,,,,,2026-09-25T10:47:19Z,https://www.baseball-reference.com/teams/ATH/2025.shtml,https://www.baseball-reference.com/players/r/rookebr01.shtml,true,86,74,A
wilsoja05,ATH,2025,batting,true,1,Jacob Wilson,2002-03-30,"Los Angeles, CA",R,R,74,190,2024-07-19,SS,Shortstop,*6/D,Athletics,76,86,76-86,2.6,125,523,486,62,151,26,0,13,63,5,2,27,39,.311,.355,.444,.800,119,.354,121,216,16,7,2,1,1,,,,,,,,,,,,,,,,,,,,,,,2026-09-25T10:47:19Z,https://www.baseball-reference.com/teams/ATH/2025.shtml,https://www.baseball-reference.com/players/w/wilsoja05.shtml,false,,,
acunaro01,ATL,2025,batting,true,1,Ronald Acuña Jr.,1997-12-18,"La Guaira, Venezuela",R,R,72,205,2018-04-25,RF,Rightfielder,9/DH,Atlanta Braves,76,86,76-86,3.1,95,412,338,74,98,12,1,21,42,9,1,71,102,.290,.417,.518,.935,161,.407,164,175,5,3,0,0,4,,,,,,,,,,,,,,,,,,,,,,,2026-09-25T10:47:23Z,https://www.baseball-reference.com/teams/ATL/2025.shtml,https://www.baseball-reference.com/players/a/acunaro01.shtml,true,95,17,A
olsonma02,ATL,2025,batting,true,2,Matt Olson,1994-03-29,"Atlanta, GA",L,R,76,225,2016-09-12,1B,First Baseman,*3,Atlanta Braves,76,86,76-86,6.2,162,724,624,98,170,41,2,29,95,1,0,91,176,.272,.366,.484,.850,137,.368,139,302,14,4,0,5,2,,,,,,,,,,,,,,,,,,,,,,,2026-09-25T10:47:23Z,https://www.baseball-reference.com/teams/ATL/2025.shtml,https://www.baseball-reference.com/players/o/olsonma02.shtml,true,87,66,B
salech01,ATL,2025,pitching,true,3,Chris Sale,1989-03-30,"Lakeland, FL",L,L,78,180,2010-08-06,SP,Pitcher,,Atlanta Braves,76,86,76-86,3.9,21,,,38,102,,,11,,,,32,165,,,,,,,,,,11,,,0,7,5,.583,2.58,20,0,0,0,0,125.2,36,0,3,510,163,2.67,1.066,7.3,0.8,2.3,11.8,5.16,2026-09-25T10:47:23Z,https://www.baseball-reference.com/teams/ATL/2025.shtml,https://www.baseball-reference.com/players/s/salech01.shtml,true,97,9,A
ohearry01,BAL,2025,batting,true,1,Ryan O'Hearn,1993-07-26,"Dunedin, FL",L,L,74,220,2018-07-31,1B,First Baseman and Rightfielder,3D9/H7,Baltimore Orioles,75,87,75-87,2.0,94,361,311,45,88,15,1,13,43,3,1,42,63,.283,.374,.463,.837,137,.362,136,144,10,5,0,3,3,,,,,,,,,,,,,,,,,,,,,,,2026-09-25T10:47:27Z,https://www.baseball-reference.com/teams/BAL/2025.shtml,https://www.baseball-reference.com/players/o/ohearry01.shtml,false,,,
bregmal01,BOS,2025,batting,true,1,Alex Bregman,1994-03-30,"Albuquerque, NM",R,R,70,190,2016-07-25,3B,Third Baseman and Shortstop,*5/HD,Boston Red Sox,89,73,89-73,3.7,114,495,433,64,118,28,0,18,62,1,1,51,70,.273,.360,.462,.821,127,.357,134,200,12,9,0,2,3,,,,,,,,,,,,,,,,,,,,,,,2026-09-25T10:47:31Z,https://www.baseball-reference.com/teams/BOS/2025.shtml,https://www.baseball-reference.com/players/b/bregmal01.shtml,true,87,59,A
chapmar01,BOS,2025,batting,true,2,Aroldis Chapman,1988-02-28,"Holguin, Cuba",L,L,76,235,2010-08-31,P,Pitcher,1,Boston Red Sox,89,73,89-73,0.0,2,0,0,0,0,0,0,0,0,0,0,0,0,,,,,,,,0,0,0,0,0,0,,,,,,,,,,,,,,,,,,,,,,,2026-09-25T10:47:31Z,https://www.baseball-reference.com/teams/BOS/2025.shtml,https://www.baseball-reference.com/players/c/chapmar01.shtml,true,92,31,A
chapmar01,BOS,2025,pitching,true,2,Aroldis Chapman,1988-02-28,"Holguin, Cuba",L,L,76,235,2010-08-31,CL,Pitcher,,Boston Red Sox,89,73,89-73,3.4,67,,,9,28,,,3,,,,15,85,,,,,,,,,,0,,,0,5,3,.625,1.17,0,43,0,0,32,61.1,8,0,6,228,354,1.73,0.701,4.1,0.4,2.2,12.5,5.67,2026-09-25T10:47:31Z,https://www.baseball-reference.com/teams/BOS/2025.shtml,https://www.baseball-reference.com/players/c/chapmar01.shtml,true,92,31,A
crochga01,BOS,2025,pitching,true,2,Garrett Crochet,1999-06-21,"Ocean Springs, MS",L,L,78,245,2020-09-18,SP,Pitcher,,Boston Red Sox,89,73,89-73,6.0,32,,,62,165,,,24,,,,46,255,,,,,,,,,,3,,,0,18,5,.783,2.59,32,0,1,1,0,205.1,59,3,7,814,160,2.89,1.028,7.2,1.1,2.0,11.2,5.54,2026-09-25T10:47:31Z,https://www.baseball-reference.com/teams/BOS/2025.shtml,https://www.baseball-reference.com/players/c/crochga01.shtml,true,99,3,A
crowape01,CHC,2025,batting,true,2,Pete Crow-Armstrong,2002-03-25,"Sherman Oaks, CA",L,L,72,184,2023-09-11,CF,Centerfielder,*8/HD,Chicago Cubs,92,70,92-70,5.9,157,647,591,91,146,37,4,31,95,35,8,29,155,.247,.287,.481,.768,114,.337,117,284,1,9,6,12,1,,,,,,,,,,,,,,,,,,,,,,,2026-09-25T10:47:35Z,https://www.baseball-reference.com/teams/CHC/2025.shtml,https://www.baseball-reference.com/players/c/crowape01.shtml,true,90,46,A
tuckeky01,CHC,2025,batting,true,2,Kyle Tucker,1997-01-17,"Tampa, FL",L,R,75,212,2018-07-07,RF,Rightfielder,*9D/H,Chicago Cubs,92,70,92-70,4.5,136,597,500,91,133,25,4,22,73,25,3,87,88,.266,.377,.464,.841,138,.375,143,232,8,4,1,3,7,,,,,,,,,,,,,,,,,,,,,,,2026-09-25T10:47:35Z,https://www.baseball-reference.com/teams/CHC/2025.shtml,https://www.baseball-reference.com/players/t/tuckeky01.shtml,true,93,29,A
boydma01,CHC,2025,pitching,true,1,Matthew Boyd,1991-02-02,"Mercer Island, WA",L,L,75,223,2015-06-27,SP,Pitcher,,Chicago Cubs,92,70,92-70,2.6,31,,,69,154,,,19,,,,42,154,,,,,,,,,,9,,,0,14,8,.636,3.21,31,0,0,0,0,179.2,64,0,2,718,127,3.65,1.091,7.7,1.0,2.1,7.7,3.67,2026-09-25T10:47:35Z,https://www.baseball-reference.com/teams/CHC/2025.shtml,https://www.baseball-reference.com/players/b/boydma01.shtml,false,,,
smithsh02,CHW,2025,pitching,true,1,Shane Smith,2000-04-04,"Danvers, MA",R,R,75,240,2025-04-01,SP,Pitcher,,Chicago White Sox,60,102,60-102,2.4,29,,,70,117,,,17,,,,58,145,,,,,,,,,,12,,,1,7,8,.467,3.81,29,0,0,0,0,146.1,62,0,8,616,110,4.10,1.196,7.2,1.0,3.6,8.9,2.50,2026-09-25T10:47:39Z,https://www.baseball-reference.com/teams/CHW/2025.shtml,https://www.baseball-reference.com/players/s/smithsh02.shtml,false,,,
delacel01,CIN,2025,batting,true,2,Elly De La Cruz,2002-01-11,"Sabana Grande de Boya, Dominican Republic",S,R,78,200,2023-06-06,SS,Shortstop and Third Baseman,*6/DH,Cincinnati Reds,83,79,83-79,3.6,162,699,629,102,166,31,7,22,86,37,8,67,181,.264,.336,.440,.777,114,.342,105,277,14,2,0,1,10,,,,,,,,,,,,,,,,,,,,,,,2026-09-25T10:47:43Z,https://www.baseball-reference.com/teams/CIN/2025.shtml,https://www.baseball-reference.com/players/d/delacel01.shtml,true,87,61,A
abbotan01,CIN,2025,pitching,true,1,Andrew Abbott,1999-06-01,"Lynchburg, VA",L,L,72,192,2023-06-05,SP,Pitcher,,Cincinnati Reds,83,79,83-79,5.4,29,,,60,148,,,19,,,,43,149,,,,,,,,,,3,,,0,10,7,.588,2.87,29,0,1,1,0,166.1,53,0,4,684,152,3.66,1.148,8.0,1.0,2.3,8.1,3.47,2026-09-25T10:47:43Z,https://www.baseball-reference.com/teams/CIN/2025.shtml,https://www.baseball-reference.com/players/a/abbotan01.shtml,false,,,
kwanst01,CLE,2025,batting,true,2,Steven Kwan,1997-09-05,"Los Gatos, CA",L,L,68,170,2022-04-07,LF,Leftfielder,*7/D8,Cleveland Guardians,88,74,88-74,3.8,156,693,625,81,170,29,1,11,56,21,5,55,60,.272,.330,.374,.705,97,.312,95,234,3,3,3,7,2,,,,,,,,,,,,,,,,,,,,,,,2026-09-25T10:47:47Z,https://www.baseball-reference.com/teams/CLE/2025.shtml,https://www.baseball-reference.com/players/k/kwanst01.shtml,false,,,
ramirjo01,CLE,2025,batting,true,2,José Ramírez,1992-09-17,"Bani, Dominican Republic",S,R,68,190,2013-09-01,3B,"Third Baseman, Second Baseman and Shortstop",*5D,Cleveland Guardians,88,74,88-74,5.9,158,673,593,103,168,34,3,30,85,44,7,66,74,.283,.360,.503,.863,138,.372,135,298,9,8,0,5,22,,,,,,,,,,,,,,,,,,,,,,,2026-09-25T10:47:47Z,https://www.baseball-reference.com/teams/CLE/2025.shtml,https://www.baseball-reference.com/players/r/ramirjo01.shtml,true,95,16,A
goodmhu01,COL,2025,batting,true,2,Hunter Goodman,1999-10-08,"Arlington, TN",R,R,71,220,2023-08-27,C,Catcher and Rightfielder,2D/H,Colorado Rockies,43,119,43-119,3.7,144,579,540,73,150,28,5,31,91,1,2,33,152,.278,.323,.520,.843,120,.367,125,281,16,4,0,2,0,,,,,,,,,,,,,,,,,,,,,,,2026-09-25T10:47:51Z,https://www.baseball-reference.com/teams/COL/2025.shtml,https://www.baseball-reference.com/players/g/goodmhu01.shtml,false,,,
baezja01,DET,2025,batting,true,1,Javier Báez,1992-12-01,"Bayamon, Puerto Rico",R,R,71,190,2014-08-05,UT,"Shortstop, Second Baseman and Third Baseman",6854/H,Detroit Tigers,87,75,87-75,2.0,126,437,417,55,107,17,3,12,57,5,1,10,109,.257,.282,.398,.680,88,.297,85,166,8,6,0,3,0,,,,,,,,,,,,,,,,,,,,,,,2026-09-25T10:47:55Z,https://www.baseball-reference.com/teams/DET/2025.shtml,https://www.baseball-reference.com/players/b/baezja01.shtml,false,,,
greenri03,DET,2025,batting,true,3,Riley Greene,2000-09-28,"Orlando, FL",L,L,74,200,2022-06-18,LF,Outfielder,*7D8/H9,Detroit Tigers,87,75,87-75,2.2,157,655,600,84,155,31,1,36,111,2,1,46,201,.258,.313,.493,.806,122,.343,119,296,14,4,0,5,1,,,,,,,,,,,,,,,,,,,,,,,2026-09-25T10:47:55Z,https://www.baseball-reference.com/teams/DET/2025.shtml,https://www.baseball-reference.com/players/g/greenri03.shtml,false,,,
mckinza01,DET,2025,batting,true,1,Zach McKinstry,1995-04-29,"Toledo, OH",L,R,71,180,2020-09-16,3B,"Rightfielder, Third Baseman and Second Baseman",5697H/4D13,Detroit Tigers,87,75,87-75,2.9,144,511,452,68,117,23,11,12,49,19,5,46,111,.259,.333,.438,.771,114,.336,112,198,6,7,1,5,1,,,,,,,,,,,,,,,,,,,,,,,2026-09-25T10:47:55Z,https://www.baseball-reference.com/teams/DET/2025.shtml,https://www.baseball-reference.com/players/m/mckinza01.shtml,false,,,
torregl01,DET,2025,batting,true,1,Gleyber Torres,1996-12-13,"Caracas, Venezuela",R,R,70,205,2018-04-22,2B,Second Baseman and Shortstop,*4D/H,Detroit Tigers,87,75,87-75,3.0,145,628,532,79,136,22,0,16,74,4,1,85,101,.256,.358,.387,.745,110,.336,114,206,11,4,0,7,0,,,,,,,,,,,,,,,,,,,,,,,2026-09-25T10:47:55Z,https://www.baseball-reference.com/teams/DET/2025.shtml,https://www.baseball-reference.com/players/t/torregl01.shtml,false,,,
mckinza01,DET,2025,pitching,true,1,Zach McKinstry,1995-04-29,"Toledo, OH",L,R,71,180,2020-09-16,3B,"Rightfielder, Third Baseman and Second Baseman",,Detroit Tigers,87,75,87-75,0.0,1,,,0,0,,,0,,,,0,0,,,,,,,,,,0,,,0,0,0,,0.00,0,1,0,0,0,0.1,0,0,0,1,,3.14,0.000,0.0,0.0,0.0,0.0,,2026-09-25T10:47:55Z,https://www.baseball-reference.com/teams/DET/2025.shtml,https://www.baseball-reference.com/players/m/mckinza01.shtml,false,,,
mizeca01,DET,2025,pitching,true,1,Casey Mize,1997-05-01,"Springville, AL",R,R,75,212,2020-08-19,SP,Pitcher,,Detroit Tigers,87,75,87-75,1.7,28,,,68,153,,,21,,,,36,139,,,,,,,,,,3,,,1,14,6,.700,3.87,28,0,0,0,0,149.0,64,0,2,627,106,3.89,1.268,9.2,1.3,2.2,8.4,3.86,2026-09-25T10:47:55Z,https://www.baseball-reference.com/teams/DET/2025.shtml,https://www.baseball-reference.com/players/m/mizeca01.shtml,false,,,
skubata01,DET,2025,pitching,true,2,Tarik Skubal,1996-11-20,"Hayward, CA",R,L,75,240,2020-08-18,SP,Pitcher,,Detroit Tigers,87,75,87-75,6.4,31,,,55,141,,,18,,,,33,241,,,,,,,,,,5,,,0,13,6,.684,2.21,31,0,1,1,0,195.1,48,2,3,748,185,2.45,0.891,6.5,0.8,1.5,11.1,7.30,2026-09-25T10:47:55Z,https://www.baseball-reference.com/teams/DET/2025.shtml,https://www.baseball-reference.com/players/s/skubata01.shtml,true,99,6,A
haderjo01,HOU,2025,batting,true,1,Josh Hader,1994-04-07,"Millersville, MD",L,L,75,188,2017-06-10,P,Pitcher,1,Houston Astros,87,75,87-75,0.0,1,0,0,0,0,0,0,0,0,0,0,0,0,,,,,,,,0,0,0,0,0,0,,,,,,,,,,,,,,,,,,,,,,,2026-09-25T10:47:59Z,https://www.baseball-reference.com/teams/HOU/2025.shtml,https://www.baseball-reference.com/players/h/haderjo01.shtml,true,89,49,A
paredis01,HOU,2025,batting,true,2,Isaac Paredes,1999-02-18,"Hermosillo, Mexico",R,R,71,213,2020-08-17,3B,"Third Baseman, First Baseman and Second Baseman",5D/H,Houston Astros,87,75,87-75,2.4,102,438,378,53,96,15,1,20,53,0,1,50,76,.254,.352,.458,.809,126,.353,128,173,10,8,0,2,0,,,,,,,,,,,,,,,,,,,,,,,2026-09-25T10:47:59Z,https://www.baseball-reference.com/teams/HOU/2025.shtml,https://www.baseball-reference.com/players/p/paredis01.shtml,false,,,
penaje02,HOU,2025,batting,true,1,Jeremy Peña,1997-09-22,"Santo Domingo, Dominican Republic",R,R,72,202,2022-04-07,SS,Shortstop,*6/HD,Houston Astros,87,75,87-75,5.7,125,543,493,68,150,30,2,17,62,20,2,35,93,.304,.363,.477,.840,135,.368,133,235,9,12,1,2,2,,,,,,,,,,,,,,,,,,,,,,,2026-09-25T10:47:59Z,https://www.baseball-reference.com/teams/HOU/2025.shtml,https://www.baseball-reference.com/players/p/penaje02.shtml,true,90,44,A
brownhu01,HOU,2025,pitching,true,1,Hunter Brown,1998-08-29,"Detroit, MI",R,R,74,220,2022-09-05,SP,Pitcher,,Houston Astros,87,75,87-75,5.9,31,,,55,133,,,17,,,,57,206,,,,,,,,,,7,,,1,12,9,.571,2.43,31,0,1,0,0,185.1,50,1,0,729,167,3.14,1.025,6.5,0.8,2.8,10.0,3.61,2026-09-25T10:47:59Z,https://www.baseball-reference.com/teams/HOU/2025.shtml,https://www.baseball-reference.com/players/b/brownhu01.shtml,true,91,35,A
haderjo01,HOU,2025,pitching,true,1,Josh Hader,1994-04-07,"Millersville, MD",L,L,75,188,2017-06-10,CL,Pitcher,,Houston Astros,87,75,87-75,2.2,48,,,16,29,,,8,,,,16,76,,,,,,,,,,2,,,1,6,2,.750,2.05,0,41,0,0,28,52.2,12,0,2,206,199,3.25,0.854,5.0,1.4,2.7,13.0,4.75,2026-09-25T10:47:59Z,https://www.baseball-reference.com/teams/HOU/2025.shtml,https://www.baseball-reference.com/players/h/haderjo01.shtml,true,89,49,A
estevca01,KCR,2025,batting,true,1,Carlos Estévez,1992-12-28,"Santo Domingo, Dominican Republic",R,R,78,277,2016-04-23,P,Pitcher,1,Kansas City Royals,82,80,82-80,0.0,5,0,0,0,0,0,0,0,0,0,0,0,0,,,,,,,,0,0,0,0,0,0,,,,,,,,,,,,,,,,,,,,,,,2026-09-25T10:48:03Z,https://www.baseball-reference.com/teams/KCR/2025.shtml,https://www.baseball-reference.com/players/e/estevca01.shtml,false,,,
garcima01,KCR,2025,batting,true,1,Maikel Garcia,2000-03-03,"La Sabana, Venezuela",R,R,73,180,2022-07-15,3B,"Third Baseman, Second Baseman and Shortstop",*564/8DH9,Kansas City Royals,82,80,82-80,5.8,160,666,595,81,170,39,5,16,74,23,9,62,84,.286,.351,.449,.800,122,.348,123,267,14,1,3,5,0,,,,,,,,,,,,,,,,,,,,,,,2026-09-25T10:48:03Z,https://www.baseball-reference.com/teams/KCR/2025.shtml,https://www.baseball-reference.com/players/g/garcima01.shtml,false,,,
wittbo02,KCR,2025,batting,true,3,Bobby Witt Jr.,2000-06-14,"Colleyville, TX",R,R,73,200,2022-04-07,SS,Shortstop and Third Baseman,*6/D,Kansas City Royals,82,80,82-80,7.1,157,687,623,99,184,47,6,23,88,38,9,49,125,.295,.351,.501,.852,135,.370,136,312,7,8,0,7,8,,,,,,,,,,,,,,,,,,,,,,,2026-09-25T10:48:03Z,https://www.baseball-reference.com/teams/KCR/2025.shtml,https://www.baseball-reference.com/players/w/wittbo02.shtml,true,99,2,A
bubickr01,KCR,2025,pitching,true,1,Kris Bubic,1997-08-19,"Cupertino, CA",L,L,75,220,2020-07-31,SP,Pitcher,,Kansas City Royals,82,80,82-80,3.1,20,,,38,98,,,6,,,,39,116,,,,,,,,,,3,,,1,8,7,.533,2.55,20,0,0,0,0,116.1,33,0,1,476,162,2.89,1.178,7.6,0.5,3.0,9.0,2.97,2026-09-25T10:48:03Z,https://www.baseball-reference.com/teams/KCR/2025.shtml,https://www.baseball-reference.com/players/b/bubickr01.shtml,false,,,
estevca01,KCR,2025,pitching,true,1,Carlos Estévez,1992-12-28,"Santo Domingo, Dominican Republic",R,R,78,277,2016-04-23,CL,Pitcher,,Kansas City Royals,82,80,82-80,2.0,67,,,22,48,,,5,,,,22,54,,,,,,,,,,4,,,6,4,5,.444,2.45,0,57,0,0,42,66.0,18,1,2,269,169,3.67,1.061,6.5,0.7,3.0,7.4,2.45,2026-09-25T10:48:03Z,https://www.baseball-reference.com/teams/KCR/2025.shtml,https://www.baseball-reference.com/players/e/estevca01.shtml,false,,,
kikucyu01,LAA,2025,pitching,true,1,Yusei Kikuchi,1991-06-17,"Morioka, Japan",L,L,72,210,2019-03-21,SP,Pitcher,,Los Angeles Angels,72,90,72-90,2.8,33,,,87,180,,,24,,,,74,174,,,,,,,,,,3,,,3,7,11,.389,3.99,33,0,0,0,0,178.1,79,0,8,772,102,4.23,1.424,9.1,1.2,3.7,8.8,2.35,2026-09-25T10:48:07Z,https://www.baseball-reference.com/teams/LAA/2025.shtml,https://www.baseball-reference.com/players/k/kikucyu01.shtml,false,,,
freemfr01,LAD,2025,batting,true,3,Freddie Freeman,1989-09-12,"Villa Park, CA",L,R,76,220,2010-09-01,1B,First Baseman,*3/H,Los Angeles Dodgers,93,69,93-69,3.5,147,627,556,81,164,39,2,24,90,6,2,60,128,.295,.367,.502,.869,141,.376,141,279,13,6,0,5,7,,,,,,,,,,,,,,,,,,,,,,,2026-09-25T10:48:11Z,https://www.baseball-reference.com/teams/LAD/2025.shtml,https://www.baseball-reference.com/players/f/freemfr01.shtml,true,90,43,A
ohtansh01,LAD,2025,batting,true,3,Shohei Ohtani,1994-07-05,"Oshu, Japan",L,R,76,210,2018-03-29,DH,Designated Hitter and Pitcher,*D1,Los Angeles Dodgers,93,69,93-69,6.6,158,727,611,146,172,25,9,55,102,20,6,109,187,.282,.392,.622,1.014,179,.423,175,380,9,3,0,2,20,,,,,,,,,,,,,,,,,,,,,,,2026-09-25T10:48:11Z,https://www.baseball-reference.com/teams/LAD/2025.shtml,https://www.baseball-reference.com/players/o/ohtansh01.shtml,true,99,5,A
smithwi05,LAD,2025,batting,true,2,Will Smith,1995-03-28,"Louisville, KY",R,R,70,195,2019-05-28,C,Catcher,2H/D,Los Angeles Dodgers,93,69,93-69,4.4,110,436,362,64,107,20,1,17,61,2,3,64,89,.296,.404,.497,.901,152,.387,151,180,7,5,0,5,1,,,,,,,,,,,,,,,,,,,,,,,2026-09-25T10:48:11Z,https://www.baseball-reference.com/teams/LAD/2025.shtml,https://www.baseball-reference.com/players/s/smithwi05.shtml,true,88,58,A
kershcl01,LAD,2025,pitching,true,1,Clayton Kershaw,1988-03-19,"Dallas, TX",L,L,76,225,2008-05-25,SP,Pitcher,,Los Angeles Dodgers,93,69,93-69,1.6,23,,,46,102,,,8,,,,35,84,,,,,,,,,,2,,,0,11,2,.846,3.36,22,0,0,0,0,112.2,42,1,5,463,124,3.55,1.216,8.1,0.6,2.8,6.7,2.40,2026-09-25T10:48:11Z,https://www.baseball-reference.com/teams/LAD/2025.shtml,https://www.baseball-reference.com/players/k/kershcl01.shtml,false,,,
ohtansh01,LAD,2025,pitching,true,3,Shohei Ohtani,1994-07-05,"Oshu, Japan",L,R,76,210,2018-03-29,SP,Designated Hitter and Pitcher,,Los Angeles Dodgers,93,69,93-69,1.1,14,,,15,40,,,3,,,,9,62,,,,,,,,,,0,,,0,1,1,.500,2.87,14,0,0,0,0,47.0,15,0,10,188,145,1.90,1.043,7.7,0.6,1.7,11.9,6.89,2026-09-25T10:48:11Z,https://www.baseball-reference.com/teams/LAD/2025.shtml,https://www.baseball-reference.com/players/o/ohtansh01.shtml,true,99,5,A
yamamyo01,LAD,2025,pitching,true,2,Yoshinobu Yamamoto,1998-08-17,"Bizen, Japan",R,R,70,176,2024-03-21,SP,Pitcher,,Los Angeles Dodgers,93,69,93-69,4.9,30,,,53,113,,,14,,,,59,201,,,,,,,,,,3,,,0,12,8,.600,2.49,30,0,0,0,0,173.2,48,0,5,684,167,2.94,0.990,5.9,0.7,3.1,10.4,3.41,2026-09-25T10:48:11Z,https://www.baseball-reference.com/teams/LAD/2025.shtml,https://www.baseball-reference.com/players/y/yamamyo01.shtml,true,95,18,A
stoweky01,MIA,2025,batting,true,1,Kyle Stowers,1998-01-02,"El Cajon, CA",L,L,74,215,2022-06-13,LF,Outfielder and First Baseman,79H8/D,Miami Marlins,79,83,79-83,3.7,117,457,399,61,115,21,3,25,73,5,1,48,125,.288,.368,.544,.912,150,.391,150,217,6,5,1,4,3,,,,,,,,,,,,,,,,,,,,,,,2026-09-25T10:48:15Z,https://www.baseball-reference.com/teams/MIA/2025.shtml,https://www.baseball-reference.com/players/s/stoweky01.shtml,false,,,
megiltr01,MIL,2025,pitching,true,1,Trevor Megill,1993-12-05,"Long Beach, CA",L,R,80,253,2021-04-26,CL,Pitcher,,Milwaukee Brewers,97,65,97-65,1.6,50,,,16,36,,,3,,,,17,60,,,,,,,,,,0,,,3,6,3,.667,2.49,0,44,0,0,30,47.0,13,0,2,192,169,2.50,1.128,6.9,0.6,3.3,11.5,3.53,2026-09-25T10:48:19Z,https://www.baseball-reference.com/teams/MIL/2025.shtml,https://www.baseball-reference.com/players/m/megiltr01.shtml,false,,,
misioja01,MIL,2025,pitching,true,2,Jacob Misiorowski,2002-04-03,"Blue Springs, MO",R,R,79,201,2025-06-12,SP,Pitcher,,Milwaukee Brewers,97,65,97-65,0.5,15,,,34,51,,,8,,,,31,87,,,,,,,,,,3,,,0,5,3,.625,4.36,14,0,0,0,0,66.0,32,0,1,273,96,3.62,1.242,7.0,1.1,4.2,11.9,2.81,2026-09-25T10:48:19Z,https://www.baseball-reference.com/teams/MIL/2025.shtml,https://www.baseball-reference.com/players/m/misioja01.shtml,false,,,
peralfr01,MIL,2025,pitching,true,1,Freddy Peralta,1996-06-04,"Moca, Dominican Republic",R,R,72,198,2018-05-13,SP,Pitcher,,Milwaukee Brewers,97,65,97-65,5.5,33,,,54,124,,,21,,,,66,204,,,,,,,,,,9,,,0,17,6,.739,2.70,33,0,0,0,0,176.2,53,2,4,723,155,3.64,1.075,6.3,1.1,3.4,10.4,3.09,2026-09-25T10:48:19Z,https://www.baseball-reference.com/teams/MIL/2025.shtml,https://www.baseball-reference.com/players/p/peralfr01.shtml,true,91,34,A
buxtoby01,MIN,2025,batting,true,2,Byron Buxton,1993-12-18,"Baxley, GA",R,R,73,190,2015-06-14,CF,Centerfielder,*8/D,Minnesota Twins,70,92,70-92,4.9,126,542,488,97,129,21,7,35,83,24,0,41,148,.264,.327,.551,.878,138,.383,140,269,0,7,0,6,5,,,,,,,,,,,,,,,,,,,,,,,2026-09-25T10:48:23Z,https://www.baseball-reference.com/teams/MIN/2025.shtml,https://www.baseball-reference.com/players/b/buxtoby01.shtml,true,95,14,A
ryanjo04,MIN,2025,pitching,true,2,Joe Ryan,1996-06-05,"San Francisco, CA",R,R,74,205,2021-09-01,SP,Pitcher,,Minnesota Twins,70,92,70-92,4.5,31,,,69,138,,,26,,,,39,194,,,,,,,,,,12,,,0,13,10,.565,3.42,30,0,0,0,0,171.0,65,2,0,689,122,3.74,1.035,7.3,1.4,2.1,10.2,4.97,2026-09-25T10:48:23Z,https://www.baseball-reference.com/teams/MIN/2025.shtml,https://www.baseball-reference.com/players/r/ryanjo04.shtml,true,93,27,A
alonspe01,NYM,2025,batting,true,2,Pete Alonso,1994-12-07,"Tampa, FL",R,R,75,245,2019-03-28,1B,First Baseman,*3/D,New York Mets,83,79,83-79,3.3,162,709,624,87,170,41,1,38,126,1,2,61,162,.272,.347,.524,.871,144,.371,140,327,23,15,0,9,5,,,,,,,,,,,,,,,,,,,,,,,2026-09-25T10:48:27Z,https://www.baseball-reference.com/teams/NYM/2025.shtml,https://www.baseball-reference.com/players/a/alonspe01.shtml,true,85,88,A
diazed04,NYM,2025,batting,true,1,Edwin Díaz,1994-03-22,"Naguabo, Puerto Rico",R,R,75,165,2016-06-06,P,Pitcher,1,New York Mets,83,79,83-79,0.0,1,0,0,0,0,0,0,0,0,0,0,0,0,,,,,,,,0,0,0,0,0,0,,,,,,,,,,,,,,,,,,,,,,,2026-09-25T10:48:27Z,https://www.baseball-reference.com/teams/NYM/2025.shtml,https://www.baseball-reference.com/players/d/diazed04.shtml,true,90,42,B
lindofr01,NYM,2025,batting,true,1,Francisco Lindor,1993-11-14,"Caguas, Puerto Rico",S,R,70,190,2015-06-14,SS,Shortstop,*6/DH,New York Mets,83,79,83-79,5.8,160,732,644,117,172,35,0,31,86,31,6,65,131,.267,.346,.466,.811,129,.359,127,300,9,16,0,7,2,,,,,,,,,,,,,,,,,,,,,,,2026-09-25T10:48:27Z,https://www.baseball-reference.com/teams/NYM/2025.shtml,https://www.baseball-reference.com/players/l/lindofr01.shtml,true,97,10,A
diazed04,NYM,2025,pitching,true,1,Edwin Díaz,1994-03-22,"Naguabo, Puerto Rico",R,R,75,165,2016-06-06,CL,Pitcher,,New York Mets,83,79,83-79,3.1,62,,,14,37,,,4,,,,21,98,,,,,,,,,,8,,,0,6,3,.667,1.63,0,48,0,0,28,66.1,12,0,7,258,250,2.28,0.874,5.0,0.5,2.8,13.3,4.67,2026-09-25T10:48:27Z,https://www.baseball-reference.com/teams/NYM/2025.shtml,https://www.baseball-reference.com/players/d/diazed04.shtml,true,90,42,B
peterda01,NYM,2025,pitching,true,1,David Peterson,1995-09-03,"Arcadia, CA",L,L,78,240,2020-07-28,SP,Pitcher,,New York Mets,83,79,83-79,1.6,30,,,84,166,,,11,,,,65,150,,,,,,,,,,7,,,1,9,6,.600,4.22,30,0,1,1,0,168.2,79,1,3,723,96,3.48,1.370,8.9,0.6,3.5,8.0,2.31,2026-09-25T10:48:27Z,https://www.baseball-reference.com/teams/NYM/2025.shtml,https://www.baseball-reference.com/players/p/peterda01.shtml,false,,,
chishja01,NYY,2025,batting,true,1,Jazz Chisholm Jr.,1998-02-01,"Nassau, Bahamas",L,R,71,184,2020-09-01,2B,"Second Baseman, Centerfielder and Third Baseman",45/H,New York Yankees,94,68,94-68,4.1,130,531,462,75,112,15,1,31,80,31,8,58,148,.242,.332,.481,.813,122,.357,126,222,3,6,1,4,1,,,,,,,,,,,,,,,,,,,,,,,2026-09-25T10:48:32Z,https://www.baseball-reference.com/teams/NYY/2025.shtml,https://www.baseball-reference.com/players/c/chishja01.shtml,true,86,80,A
judgeaa01,NYY,2025,batting,true,3,Aaron Judge,1992-04-26,"Sacramento, CA",R,R,79,282,2016-08-13,RF,Rightfielder,9D/H,New York Yankees,94,68,94-68,9.7,152,679,541,137,179,30,2,53,114,12,5,124,160,.331,.457,.688,1.144,211,.461,211,372,16,7,0,7,36,,,,,,,,,,,,,,,,,,,,,,,2026-09-25T10:48:32Z,https://www.baseball-reference.com/teams/NYY/2025.shtml,https://www.baseball-reference.com/players/j/judgeaa01.shtml,true,99,1,A
friedma01,NYY,2025,pitching,true,2,Max Fried,1994-01-18,"Santa Monica, CA",L,L,76,190,2017-08-08,SP,Pitcher,,New York Yankees,94,68,94-68,4.6,32,,,73,164,,,14,,,,51,189,,,,,,,,,,10,,,0,19,5,.792,2.86,32,0,0,0,0,195.1,62,1,8,801,145,3.07,1.101,7.6,0.6,2.3,8.7,3.71,2026-09-25T10:48:32Z,https://www.baseball-reference.com/teams/NYY/2025.shtml,https://www.baseball-reference.com/players/f/friedma01.shtml,true,94,23,A
rodonca01,NYY,2025,pitching,true,1,Carlos Rodón,1992-12-10,"Miami, FL",L,L,74,255,2015-04-21,SP,Pitcher,,New York Yankees,94,68,94-68,4.7,33,,,74,132,,,22,,,,73,203,,,,,,,,,,9,,,0,18,9,.667,3.09,33,0,0,0,0,195.1,67,0,4,789,134,3.78,1.049,6.1,1.0,3.4,9.4,2.78,2026-09-25T10:48:32Z,https://www.baseball-reference.com/teams/NYY/2025.shtml,https://www.baseball-reference.com/players/r/rodonca01.shtml,true,86,76,A
schwaky01,PHI,2025,batting,true,2,Kyle Schwarber,1993-03-05,"Middletown, OH",L,R,71,229,2015-06-16,DH,Leftfielder and Designated Hitter,*D/7,Philadelphia Phillies,96,66,96-66,4.6,162,724,604,111,145,23,2,56,132,10,2,108,197,.240,.365,.563,.928,149,.396,149,340,4,11,0,1,6,,,,,,,,,,,,,,,,,,,,,,,2026-09-25T10:48:36Z,https://www.baseball-reference.com/teams/PHI/2025.shtml,https://www.baseball-reference.com/players/s/schwaky01.shtml,false,,,
wheelza01,PHI,2025,pitching,true,2,Zack Wheeler,1990-05-30,"Smyrna, GA",L,R,76,195,2013-06-18,SP,Pitcher,,Philadelphia Phillies,96,66,96-66,5.1,24,,,48,107,,,19,,,,33,195,,,,,,,,,,8,,,0,10,5,.667,2.71,24,0,1,0,0,149.2,45,0,2,585,164,3.00,0.935,6.4,1.1,2.0,11.7,5.91,2026-09-25T10:48:36Z,https://www.baseball-reference.com/teams/PHI/2025.shtml,https://www.baseball-reference.com/players/w/wheelza01.shtml,true,99,7,A
skenepa01,PIT,2025,pitching,true,3,Paul Skenes,2002-05-29,"Fullerton, CA",R,R,78,260,2024-05-11,SP,Pitcher,,Pittsburgh Pirates,71,91,71-91,8.0,32,,,45,136,,,11,,,,42,216,,,,,,,,,,6,,,0,10,10,.500,1.97,32,0,1,0,0,187.2,41,0,2,733,226,2.36,0.948,6.5,0.5,2.0,10.4,5.14,2026-09-25T10:48:40Z,https://www.baseball-reference.com/teams/PIT/2025.shtml,https://www.baseball-reference.com/players/s/skenepa01.shtml,true,99,4,A
machama01,SDP,2025,batting,true,1,Manny Machado,1992-07-06,"Hialeah, FL",R,R,74,218,2012-08-09,3B,Third Baseman and Shortstop,*5D,San Diego Padres,90,72,90-72,4.2,159,678,615,91,169,33,0,27,95,14,3,55,131,.275,.335,.460,.795,121,.346,117,283,16,3,0,5,4,,,,,,,,,,,,,,,,,,,,,,,2026-09-25T10:48:44Z,https://www.baseball-reference.com/teams/SDP/2025.shtml,https://www.baseball-reference.com/players/m/machama01.shtml,true,87,65,A
ohearry01,SDP,2025,batting,true,1,Ryan O'Hearn,1993-07-26,"Dunedin, FL",L,L,74,220,2018-07-31,DH,First Baseman and Rightfielder,3D/H9,San Diego Padres,90,72,90-72,0.5,50,183,163,22,45,6,0,4,20,0,0,16,46,.276,.350,.387,.736,107,.332,109,63,1,3,0,1,1,,,,,,,,,,,,,,,,,,,,,,,2026-09-25T10:48:44Z,https://www.baseball-reference.com/teams/SDP/2025.shtml,https://www.baseball-reference.com/players/o/ohearry01.shtml,false,,,
tatisfe02,SDP,2025,batting,true,2,Fernando Tatis Jr.,1999-01-02,"San Pedro de Macoris, Dominican Republic",R,R,75,217,2019-03-28,RF,"Rightfielder, Shortstop and Second Baseman",*9/D,San Diego Padres,90,72,90-72,6.1,155,691,594,111,159,27,2,25,71,32,7,89,129,.268,.368,.446,.814,128,.368,131,265,6,6,0,2,7,,,,,,,,,,,,,,,,,,,,,,,2026-09-25T10:48:44Z,https://www.baseball-reference.com/teams/SDP/2025.shtml,https://www.baseball-reference.com/players/t/tatisfe02.shtml,true,93,26,A
adamja01,SDP,2025,pitching,true,1,Jason Adam,1991-08-04,"Omaha, NE",R,R,75,229,2018-05-05,RP,Pitcher,,San Diego Padres,90,72,90-72,2.3,65,,,18,50,,,4,,,,25,70,,,,,,,,,,3,,,3,8,4,.667,1.93,0,4,0,0,0,65.1,14,0,3,270,216,3.07,1.148,6.9,0.6,3.4,9.6,2.80,2026-09-25T10:48:44Z,https://www.baseball-reference.com/teams/SDP/2025.shtml,https://www.baseball-reference.com/players/a/adamja01.shtml,false,,,
morejad01,SDP,2025,pitching,true,1,Adrián Morejón,1999-02-27,"La Habana, Cuba",L,L,71,224,2019-07-21,RP,Pitcher,,San Diego Padres,90,72,90-72,2.3,75,,,23,49,,,2,,,,17,70,,,,,,,,,,0,,,3,13,6,.684,2.08,0,9,0,0,3,73.2,17,0,2,286,200,2.28,0.896,6.0,0.2,2.1,8.6,4.12,2026-09-25T10:48:44Z,https://www.baseball-reference.com/teams/SDP/2025.shtml,https://www.baseball-reference.com/players/m/morejad01.shtml,false,,,
suarero01,SDP,2025,pitching,true,2,Robert Suarez,1991-03-01,"Bolivar, Venezuela",R,R,74,210,2022-04-07,CL,Pitcher,,San Diego Padres,90,72,90-72,2.1,70,,,24,47,,,6,,,,16,75,,,,,,,,,,2,,,2,4,6,.400,2.97,0,56,0,0,40,69.2,23,0,1,269,140,2.88,0.904,6.1,0.8,2.1,9.7,4.69,2026-09-25T10:48:44Z,https://www.baseball-reference.com/teams/SDP/2025.shtml,https://www.baseball-reference.com/players/s/suarero01.shtml,false,,,
arozara01,SEA,2025,batting,true,2,Randy Arozarena,1995-02-28,"Mantua, Cuba",R,R,70,185,2019-08-14,LF,Leftfielder,*7/D,Seattle Mariners,90,72,90-72,3.9,160,709,613,95,146,32,1,27,76,31,6,64,191,.238,.334,.426,.760,119,.341,121,261,9,27,0,5,2,,,,,,,,,,,,,,,,,,,,,,,2026-09-25T10:48:48Z,https://www.baseball-reference.com/teams/SEA/2025.shtml,https://www.baseball-reference.com/players/a/arozara01.shtml,false,,,
raleica01,SEA,2025,batting,true,1,Cal Raleigh,1996-11-26,"Harrisonburg, VA",S,R,74,235,2021-07-11,C,Catcher,*2D/H,Seattle Mariners,90,72,90-72,7.2,159,705,596,110,147,24,0,60,125,14,4,97,188,.247,.359,.589,.948,169,.392,163,351,6,9,0,3,17,,,,,,,,,,,,,,,,,,,,,,,2026-09-25T10:48:48Z,https://www.baseball-reference.com/teams/SEA/2025.shtml,https://www.baseball-reference.com/players/r/raleica01.shtml,true,95,15,A
rodriju01,SEA,2025,batting,true,1,Julio Rodríguez,2000-12-29,"Loma de Cabrera, Dominican Republic",R,R,76,228,2022-04-08,CF,Centerfielder,*8/DH,Seattle Mariners,90,72,90-72,6.6,160,710,652,106,174,31,4,32,95,30,6,44,152,.267,.324,.474,.798,128,.353,130,309,15,12,0,2,5,,,,,,,,,,,,,,,,,,,,,,,2026-09-25T10:48:48Z,https://www.baseball-reference.com/teams/SEA/2025.shtml,https://www.baseball-reference.com/players/r/rodriju01.shtml,true,93,28,A
suareeu01,SEA,2025,batting,true,1,Eugenio Suárez,1991-07-18,"Puerto Ordaz, Venezuela",R,R,71,213,2014-06-04,3B,Third Baseman and Shortstop,5/3,Seattle Mariners,90,72,90-72,0.3,53,220,201,27,38,9,0,13,31,3,1,17,79,.189,.255,.428,.682,94,.289,87,86,4,1,0,1,1,,,,,,,,,,,,,,,,,,,,,,,2026-09-25T10:48:48Z,https://www.baseball-reference.com/teams/SEA/2025.shtml,https://www.baseball-reference.com/players/s/suareeu01.shtml,true,86,78,A
munozan01,SEA,2025,pitching,true,2,Andrés Muñoz,1999-01-16,"Los Mochis, Mexico",R,R,74,222,2019-07-12,CL,Pitcher,,Seattle Mariners,90,72,90-72,2.5,64,,,18,36,,,2,,,,28,83,,,,,,,,,,4,,,3,3,3,.500,1.73,0,47,0,0,38,62.1,12,0,7,254,219,2.43,1.027,5.2,0.3,4.0,12.0,2.96,2026-09-25T10:48:48Z,https://www.baseball-reference.com/teams/SEA/2025.shtml,https://www.baseball-reference.com/players/m/munozan01.shtml,true,86,73,A
woobr01,SEA,2025,pitching,true,1,Bryan Woo,2000-01-30,"Oakland, CA",R,R,74,205,2023-06-03,SP,Pitcher,,Seattle Mariners,90,72,90-72,4.3,30,,,64,137,,,26,,,,36,198,,,,,,,,,,4,,,0,15,7,.682,2.94,30,0,0,0,0,186.2,61,0,3,731,128,3.47,0.927,6.6,1.3,1.7,9.5,5.50,2026-09-25T10:48:48Z,https://www.baseball-reference.com/teams/SEA/2025.shtml,https://www.baseball-reference.com/players/w/woobr01.shtml,true,96,13,A
rayro02,SFG,2025,pitching,true,1,Robbie Ray,1991-10-01,"Brentwood, TN",L,L,74,220,2014-05-06,SP,Pitcher,,San Francisco Giants,81,81,81-81,3.0,32,,,81,148,,,22,,,,73,186,,,,,,,,,,4,,,0,11,8,.579,3.65,32,0,1,0,0,182.1,74,1,7,755,109,3.93,1.212,7.3,1.1,3.6,9.2,2.55,2026-09-25T10:48:52Z,https://www.baseball-reference.com/teams/SFG/2025.shtml,https://www.baseball-reference.com/players/r/rayro02.shtml,false,,,
rodrira02,SFG,2025,pitching,true,1,Randy Rodríguez,1999-09-05,"Santo Domingo, Dominican Republic",R,R,72,195,2024-05-04,RP,Pitcher,,San Francisco Giants,81,81,81-81,2.0,50,,,12,34,,,4,,,,11,67,,,,,,,,,,4,,,0,3,5,.375,1.78,0,15,0,0,4,50.2,10,0,2,198,225,2.40,0.888,6.0,0.7,2.0,11.9,6.09,2026-09-25T10:48:52Z,https://www.baseball-reference.com/teams/SFG/2025.shtml,https://www.baseball-reference.com/players/r/rodrira02.shtml,false,,,
webblo01,SFG,2025,pitching,true,3,Logan Webb,1996-11-18,"Rocklin, CA",R,R,74,221,2019-08-17,SP,Pitcher,,San Francisco Giants,81,81,81-81,4.2,34,,,82,210,,,14,,,,46,224,,,,,,,,,,6,,,0,15,11,.577,3.22,34,0,0,0,0,207.0,74,0,2,856,124,2.60,1.237,9.1,0.6,2.0,9.7,4.87,2026-09-25T10:48:52Z,https://www.baseball-reference.com/teams/SFG/2025.shtml,https://www.baseball-reference.com/players/w/webblo01.shtml,true,94,22,B
donovbr01,STL,2025,batting,true,1,Brendan Donovan,1997-01-16,"Wurzburg, Germany",L,R,71,210,2022-04-25,2B,"Second Baseman, Leftfielder and Third Baseman",47/6DH,St. Louis Cardinals,78,84,78-84,2.7,118,515,460,64,132,32,0,10,50,3,3,42,67,.287,.353,.422,.775,121,.338,119,194,4,7,2,4,3,,,,,,,,,,,,,,,,,,,,,,,2026-09-25T10:48:56Z,https://www.baseball-reference.com/teams/STL/2025.shtml,https://www.baseball-reference.com/players/d/donovbr01.shtml,false,,,
arandjo01,TBR,2025,batting,true,1,Jonathan Aranda,1998-05-23,"Tijuana, Mexico",L,R,72,215,2022-06-24,1B,First Baseman and Second Baseman,3DH,Tampa Bay Rays,77,85,77-85,3.5,106,422,370,56,117,22,0,14,59,0,2,41,107,.316,.393,.489,.883,145,.377,146,181,9,8,0,3,3,,,,,,,,,,,,,,,,,,,,,,,2026-09-25T10:49:00Z,https://www.baseball-reference.com/teams/TBR/2025.shtml,https://www.baseball-reference.com/players/a/arandjo01.shtml,false,,,
caminju01,TBR,2025,batting,true,2,Junior Caminero,2003-07-05,"Santo Domingo, Dominican Republic",R,R,73,220,2023-09-23,3B,Third Baseman,*5/DH3,Tampa Bay Rays,77,85,77-85,4.3,154,653,602,93,159,28,0,45,110,7,1,41,125,.264,.311,.535,.846,130,.366,135,322,31,3,0,7,1,,,,,,,,,,,,,,,,,,,,,,,2026-09-25T10:49:00Z,https://www.baseball-reference.com/teams/TBR/2025.shtml,https://www.baseball-reference.com/players/c/caminju01.shtml,true,88,53,B
lowebr01,TBR,2025,batting,true,1,Brandon Lowe,1994-07-06,"Suffolk, VA",L,R,69,181,2018-08-05,2B,Second Baseman and Outfielder,*4/DH3,Tampa Bay Rays,77,85,77-85,1.8,134,553,507,79,130,19,0,31,83,3,2,38,149,.256,.307,.477,.785,115,.337,116,242,6,2,0,6,1,,,,,,,,,,,,,,,,,,,,,,,2026-09-25T10:49:00Z,https://www.baseball-reference.com/teams/TBR/2025.shtml,https://www.baseball-reference.com/players/l/lowebr01.shtml,false,,,
rasmudr01,TBR,2025,pitching,true,2,Drew Rasmussen,1995-07-27,"Puyallup, WA",R,R,73,240,2020-08-19,SP,Pitcher,,Tampa Bay Rays,77,85,77-85,4.4,31,,,47,116,,,18,,,,37,127,,,,,,,,,,5,,,1,10,5,.667,2.76,31,0,0,0,0,150.0,46,0,3,585,150,3.84,1.020,7.0,1.1,2.2,7.6,3.43,2026-09-25T10:49:00Z,https://www.baseball-reference.com/teams/TBR/2025.shtml,https://www.baseball-reference.com/players/r/rasmudr01.shtml,false,,,
degroja01,TEX,2025,pitching,true,1,Jacob deGrom,1988-06-19,"DeLand, FL",L,R,76,180,2014-05-15,SP,Pitcher,,Texas Rangers,81,81,81-81,3.0,30,,,57,122,,,26,,,,37,185,,,,,,,,,,3,,,0,12,8,.600,2.97,30,0,0,0,0,172.2,57,0,3,669,128,3.64,0.921,6.4,1.4,1.9,9.6,5.00,2026-09-25T10:49:04Z,https://www.baseball-reference.com/teams/TEX/2025.shtml,https://www.baseball-reference.com/players/d/degroja01.shtml,true,94,21,A
guerrvl02,TOR,2025,batting,true,3,Vladimir Guerrero Jr.,1999-03-16,"Montreal, QC, Canada",R,R,72,245,2019-04-26,1B,First Baseman and Third Baseman,*3D/H,Toronto Blue Jays,94,68,94-68,4.6,156,680,589,96,172,34,0,23,84,6,3,81,94,.292,.381,.467,.848,132,.365,132,275,17,6,0,4,8,,,,,,,,,,,,,,,,,,,,,,,2026-09-25T10:49:08Z,https://www.baseball-reference.com/teams/TOR/2025.shtml,https://www.baseball-reference.com/players/g/guerrvl02.shtml,true,94,24,A
kirkal01,TOR,2025,batting,true,1,Alejandro Kirk,1998-11-06,"Tijuana, Mexico",R,R,68,245,2020-09-12,C,Catcher,*2H/D,Toronto Blue Jays,94,68,94-68,2.3,130,506,451,45,127,18,0,15,76,1,0,48,59,.282,.348,.421,.769,111,.334,109,190,16,1,0,6,2,,,,,,,,,,,,,,,,,,,,,,,2026-09-25T10:49:08Z,https://www.baseball-reference.com/teams/TOR/2025.shtml,https://www.baseball-reference.com/players/k/kirkal01.shtml,true,86,72,B
woodja03,WSN,2025,batting,true,2,James Wood,2002-09-17,"Rockville, MD",L,R,78,234,2024-07-01,LF,Leftfielder,*7D/H,Washington Nationals,66,96,66-96,3.6,157,689,598,87,153,38,0,31,94,15,7,85,221,.256,.350,.475,.825,130,.357,131,284,12,3,0,3,8,,,,,,,,,,,,,,,,,,,,,,,2026-09-25T10:49:12Z,https://www.baseball-reference.com/teams/WSN/2025.shtml,https://www.baseball-reference.com/players/w/woodja03.shtml,true,84,100,A
gorema01,WSN,2025,pitching,true,1,MacKenzie Gore,1999-02-24,"Wilmington, NC",L,L,74,193,2022-04-15,SP,Pitcher,,Washington Nationals,66,96,66-96,3.1,30,,,75,152,,,20,,,,64,185,,,,,,,,,,5,,,0,5,15,.250,4.17,30,0,0,0,0,159.2,74,0,12,680,101,3.74,1.353,8.6,1.1,3.6,10.4,2.89,2026-09-25T10:49:12Z,https://www.baseball-reference.com/teams/WSN/2025.shtml,https://www.baseball-reference.com/players/g/gorema01.shtml,false,,,
carroco02,ARI,2026,batting,true,2,Corbin Carroll,2000-08-21,"Seattle, WA",L,L,70,180,2022-08-29,RF,Outfielder,*9/DH,Arizona Diamondbacks,85,74,85-74,5.0,153,658,570,90,137,32,17,22,75,21,3,73,148,.240,.331,.472,.803,121,.352,118,269,8,8,0,7,4,,,,,,,,,,,,,,,,,,,,,,,2026-09-25T10:49:16Z,https://www.baseball-reference.com/teams/ARI/2026.shtml,https://www.baseball-reference.com/players/c/carroco02.shtml,true,89,47,A
rodried05,ARI,2026,pitching,true,1,Eduardo Rodríguez,1993-04-07,"Valencia, Venezuela",L,L,74,231,2015-05-28,SP,Pitcher,,Arizona Diamondbacks,85,74,85-74,4.8,32,,,68,173,,,19,,,,62,143,,,,,,,,,,1,,,0,16,7,.696,2.89,32,0,0,0,0,189.2,61,1,1,788,144,3.89,1.239,8.2,0.9,2.9,6.8,2.31,2026-09-25T10:49:16Z,https://www.baseball-reference.com/teams/ARI/2026.shtml,https://www.baseball-reference.com/players/r/rodried05.shtml,false,,,
kurtzni01,ATH,2026,batting,true,1,Nick Kurtz,2003-03-12,"Lancaster, PA",L,L,77,240,2025-04-23,1B,First Baseman,3/DH,Athletics,63,96,63-96,3.7,99,434,352,62,90,15,1,21,69,7,1,79,141,.256,.396,.483,.879,142,.390,144,170,5,3,0,0,9,,,,,,,,,,,,,,,,,,,,,,,2026-09-25T10:49:20Z,https://www.baseball-reference.com/teams/ATH/2026.shtml,https://www.baseball-reference.com/players/k/kurtzni01.shtml,true,88,55,A
langesh01,ATH,2026,batting,true,1,Shea Langeliers,1997-11-18,"Portland, OR",R,R,71,205,2022-08-16,C,Catcher,2D/H,Athletics,63,96,63-96,3.5,103,456,415,58,110,21,0,23,58,3,1,35,105,.265,.329,.482,.811,121,.354,120,200,9,5,0,1,2,,,,,,,,,,,,,,,,,,,,,,,2026-09-25T10:49:20Z,https://www.baseball-reference.com/teams/ATH/2026.shtml,https://www.baseball-reference.com/players/l/langesh01.shtml,true,85,90,B
albieoz01,ATL,2026,batting,true,1,Ozzie Albies,1997-01-07,"Willemstad, Curacao",S,R,67,165,2017-08-01,2B,Second Baseman,*4/DH,Atlanta Braves,93,66,93-66,1.5,159,674,606,85,146,27,1,22,73,4,4,46,101,.241,.297,.398,.694,90,.301,85,241,8,8,0,14,1,,,,,,,,,,,,,,,,,,,,,,,2026-09-25T10:49:24Z,https://www.baseball-reference.com/teams/ATL/2026.shtml,https://www.baseball-reference.com/players/a/albieoz01.shtml,false,,,
baldwdr01,ATL,2026,batting,true,1,Drake Baldwin,2001-03-28,"Madison, WI",L,R,72,225,2025-03-27,C,Catcher and Designated Hitter,2D/H,Atlanta Braves,93,66,93-66,3.8,136,606,540,84,153,21,0,24,77,3,1,55,131,.283,.358,.456,.814,123,.358,124,246,15,9,0,2,2,,,,,,,,,,,,,,,,,,,,,,,2026-09-25T10:49:24Z,https://www.baseball-reference.com/teams/ATL/2026.shtml,https://www.baseball-reference.com/players/b/baldwdr01.shtml,false,,,
iglesra01,ATL,2026,batting,true,1,Raisel Iglesias,1990-01-04,"Isla de la Juventud, Cuba",R,R,74,190,2015-04-12,P,Pitcher,1,Atlanta Braves,93,66,93-66,0.0,7,0,0,0,0,0,0,0,0,0,0,0,0,,,,,,,,0,0,0,0,0,0,,,,,,,,,,,,,,,,,,,,,,,2026-09-25T10:49:24Z,https://www.baseball-reference.com/teams/ATL/2026.shtml,https://www.baseball-reference.com/players/i/iglesra01.shtml,true,85,89,B
olsonma02,ATL,2026,batting,true,2,Matt Olson,1994-03-29,"Atlanta, GA",L,R,76,225,2016-09-12,1B,First Baseman,*3/9,Atlanta Braves,93,66,93-66,4.5,159,688,617,99,156,34,0,41,91,4,0,63,169,.253,.323,.507,.830,125,.359,124,313,14,3,0,5,5,,,,,,,,,,,,,,,,,,,,,,,2026-09-25T10:49:24Z,https://www.baseball-reference.com/teams/ATL/2026.shtml,https://www.baseball-reference.com/players/o/olsonma02.shtml,true,87,66,B
iglesra01,ATL,2026,pitching,true,1,Raisel Iglesias,1990-01-04,"Isla de la Juventud, Cuba",R,R,74,190,2015-04-12,CL,Pitcher,,Atlanta Braves,93,66,93-66,1.4,58,,,21,47,,,6,,,,17,64,,,,,,,,,,1,,,1,1,2,.333,2.59,0,48,0,0,34,59.0,17,1,0,235,163,3.16,1.085,7.2,0.9,2.6,9.8,3.76,2026-09-25T10:49:24Z,https://www.baseball-reference.com/teams/ATL/2026.shtml,https://www.baseball-reference.com/players/i/iglesra01.shtml,true,85,89,B
salech01,ATL,2026,pitching,true,3,Chris Sale,1989-03-30,"Lakeland, FL",L,L,78,180,2010-08-06,SP,Pitcher,,Atlanta Braves,93,66,93-66,5.5,27,,,44,129,,,10,,,,31,200,,,,,,,,,,15,,,0,14,9,.609,2.16,27,0,1,1,0,162.2,39,1,0,648,195,2.28,0.984,7.1,0.6,1.7,11.1,6.45,2026-09-25T10:49:24Z,https://www.baseball-reference.com/teams/ATL/2026.shtml,https://www.baseball-reference.com/players/s/salech01.shtml,true,97,9,A
rutscad01,BAL,2026,batting,true,2,Adley Rutschman,1998-02-06,"Portland, OR",S,R,73,230,2022-05-21,DH,Catcher,2D/H,Baltimore Orioles,78,81,78-81,1.9,67,284,247,30,62,19,1,8,47,0,1,30,40,.251,.331,.433,.764,116,.335,116,107,6,2,0,5,0,,,,,,,,,,,,,,,,,,,,,,,2026-09-25T10:49:28Z,https://www.baseball-reference.com/teams/BAL/2026.shtml,https://www.baseball-reference.com/players/r/rutscad01.shtml,true,84,93,B
chapmar01,BOS,2026,batting,true,2,Aroldis Chapman,1988-02-28,"Holguin, Cuba",L,L,76,235,2010-08-31,P,Pitcher,1,Boston Red Sox,85,74,85-74,0.0,2,0,0,0,0,0,0,0,0,0,0,0,0,,,,,,,,0,0,0,0,0,0,,,,,,,,,,,,,,,,,,,,,,,2026-09-25T10:49:32Z,https://www.baseball-reference.com/teams/BOS/2026.shtml,https://www.baseball-reference.com/players/c/chapmar01.shtml,true,92,31,A
contrwi01,BOS,2026,batting,true,1,Willson Contreras,1992-05-13,"Puerto Cabello, Venezuela",R,R,72,240,2016-06-17,1B,Catcher and First Baseman,*3/D,Boston Red Sox,85,74,85-74,4.6,129,533,446,68,123,21,3,27,81,3,3,59,134,.276,.387,.518,.905,155,.399,159,231,9,24,1,3,2,,,,,,,,,,,,,,,,,,,,,,,2026-09-25T10:49:32Z,https://www.baseball-reference.com/teams/BOS/2026.shtml,https://www.baseball-reference.com/players/c/contrwi01.shtml,false,,,
rafaece01,BOS,2026,batting,true,1,Ceddanne Rafaela,2000-09-18,"Willemstad, Curacao",R,R,70,165,2023-08-28,CF,"Centerfielder, Shortstop and Second Baseman",*8/H,Boston Red Sox,85,74,85-74,5.7,137,574,539,67,152,32,3,16,70,17,9,22,116,.282,.318,.442,.760,113,.337,115,238,11,8,2,3,1,,,,,,,,,,,,,,,,,,,,,,,2026-09-25T10:49:32Z,https://www.baseball-reference.com/teams/BOS/2026.shtml,https://www.baseball-reference.com/players/r/rafaece01.shtml,true,84,95,B
rutscad01,BOS,2026,batting,true,2,Adley Rutschman,1998-02-06,"Portland, OR",S,R,73,230,2022-05-21,C,Catcher,2/HD,Boston Red Sox,85,74,85-74,0.4,30,119,111,13,23,7,0,4,10,0,0,8,28,.207,.261,.378,.639,79,.287,79,42,2,0,0,0,0,,,,,,,,,,,,,,,,,,,,,,,2026-09-25T10:49:32Z,https://www.baseball-reference.com/teams/BOS/2026.shtml,https://www.baseball-reference.com/players/r/rutscad01.shtml,true,84,93,B
chapmar01,BOS,2026,pitching,true,2,Aroldis Chapman,1988-02-28,"Holguin, Cuba",L,L,76,235,2010-08-31,CL,Pitcher,,Boston Red Sox,85,74,85-74,1.9,53,,,13,35,,,3,,,,23,71,,,,,,,,,,1,,,0,3,4,.429,1.92,0,44,0,0,35,51.2,11,0,3,213,213,2.50,1.123,6.1,0.5,4.0,12.4,3.09,2026-09-25T10:49:32Z,https://www.baseball-reference.com/teams/BOS/2026.shtml,https://www.baseball-reference.com/players/c/chapmar01.shtml,true,92,31,A
suarera01,BOS,2026,pitching,true,2,Ranger Suarez,1995-08-26,"Pie de Cuesta, Venezuela",L,L,73,217,2018-07-26,SP,Pitcher,,Boston Red Sox,85,74,85-74,2.7,28,,,56,130,,,10,,,,46,140,,,,,,,,,,7,,,0,8,5,.615,3.22,28,0,0,0,0,148.1,53,0,1,612,126,3.16,1.187,7.9,0.6,2.8,8.5,3.04,2026-09-25T10:49:32Z,https://www.baseball-reference.com/teams/BOS/2026.shtml,https://www.baseball-reference.com/players/s/suarera01.shtml,true,88,57,A
crowape01,CHC,2026,batting,true,2,Pete Crow-Armstrong,2002-03-25,"Sherman Oaks, CA",L,L,72,184,2023-09-11,CF,Centerfielder,*8/DH,Chicago Cubs,88,71,88-71,9.9,159,716,617,119,173,31,8,45,107,40,7,82,185,.280,.373,.575,.949,157,.409,155,355,2,12,1,4,7,,,,,,,,,,,,,,,,,,,,,,,2026-09-25T10:49:36Z,https://www.baseball-reference.com/teams/CHC/2026.shtml,https://www.baseball-reference.com/players/c/crowape01.shtml,true,90,46,A
murakmu01,CHW,2026,batting,true,1,Munetaka Murakami,2000-02-02,"Kumamoto, Japan",L,R,74,213,2026-03-26,1B,First Baseman,*3/DH,Chicago White Sox,82,77,82-77,2.1,124,540,441,79,90,15,1,33,74,1,3,92,192,.204,.348,.467,.815,128,.350,124,206,3,6,0,1,8,,,,,,,,,,,,,,,,,,,,,,,2026-09-25T10:49:40Z,https://www.baseball-reference.com/teams/CHW/2026.shtml,https://www.baseball-reference.com/players/m/murakmu01.shtml,false,,,
petertr01,CHW,2026,batting,true,1,Tristan Peters,2000-02-29,"Winkler, MB, Canada",L,R,72,180,2025-08-08,CF,Centerfielder,*87H9,Chicago White Sox,82,77,82-77,3.8,153,482,428,62,115,31,4,12,56,8,2,37,89,.269,.341,.444,.785,119,.349,120,190,0,11,4,2,0,,,,,,,,,,,,,,,,,,,,,,,2026-09-25T10:49:40Z,https://www.baseball-reference.com/teams/CHW/2026.shtml,https://www.baseball-reference.com/players/p/petertr01.shtml,false,,,
vargami01,CHW,2026,batting,true,1,Miguel Vargas,1999-11-17,"La Habana, Cuba",R,R,74,225,2022-08-03,3B,"Third Baseman, First Baseman and Second Baseman",*53/DH,Chicago White Sox,82,77,82-77,5.5,157,695,583,104,147,31,1,33,92,21,2,98,125,.252,.363,.479,.842,135,.374,135,279,12,7,0,6,5,,,,,,,,,,,,,,,,,,,,,,,2026-09-25T10:49:40Z,https://www.baseball-reference.com/teams/CHW/2026.shtml,https://www.baseball-reference.com/players/v/vargami01.shtml,false,,,
stewasa02,CIN,2026,batting,true,1,Sal Stewart,2003-12-07,"Miami, FL",R,R,73,224,2025-09-01,1B,"First Baseman, Third Baseman and Second Baseman",*35D/4H,Cincinnati Reds,74,85,74-85,2.1,159,686,609,86,162,25,0,32,110,15,7,63,151,.266,.334,.465,.799,120,.348,119,283,16,4,0,10,5,,,,,,,,,,,,,,,,,,,,,,,2026-09-25T10:49:44Z,https://www.baseball-reference.com/teams/CIN/2026.shtml,https://www.baseball-reference.com/players/s/stewasa02.shtml,false,,,
burnsch01,CIN,2026,pitching,true,1,Chase Burns,2003-01-16,"Napoli, Italy",R,R,75,210,2025-06-24,SP,Pitcher,,Cincinnati Reds,74,85,74-85,4.7,29,,,54,124,,,17,,,,56,185,,,,,,,,,,1,,,0,15,3,.833,2.86,29,0,0,0,0,154.1,49,0,5,630,146,3.24,1.166,7.2,1.0,3.3,10.8,3.30,2026-09-25T10:49:44Z,https://www.baseball-reference.com/teams/CIN/2026.shtml,https://www.baseball-reference.com/players/b/burnsch01.shtml,false,,,
bazzatr01,CLE,2026,batting,true,1,Travis Bazzana,2002-08-28,"Hornsby, Australia",L,R,71,199,2026-04-28,2B,Second Baseman,*4D/H,Cleveland Guardians,83,76,83-76,2.6,121,504,436,53,106,20,2,15,57,19,6,56,105,.243,.335,.401,.737,108,.331,107,175,4,7,0,5,1,,,,,,,,,,,,,,,,,,,,,,,2026-09-25T10:49:48Z,https://www.baseball-reference.com/teams/CLE/2026.shtml,https://www.baseball-reference.com/players/b/bazzatr01.shtml,false,,,
smithca06,CLE,2026,batting,true,1,Cade Smith,1999-05-09,"Abbotsford, BC, Canada",R,R,77,230,2024-03-30,P,Pitcher,1,Cleveland Guardians,83,76,83-76,0.0,2,0,0,0,0,0,0,0,0,0,0,0,0,,,,,,,,0,0,0,0,0,0,,,,,,,,,,,,,,,,,,,,,,,2026-09-25T10:49:48Z,https://www.baseball-reference.com/teams/CLE/2026.shtml,https://www.baseball-reference.com/players/s/smithca06.shtml,true,90,41,A
grifffo01,CLE,2026,pitching,true,1,Foster Griffin,1995-07-27,"Orlando, FL",R,L,75,225,2020-07-27,P,Pitcher,,Cleveland Guardians,83,76,83-76,-0.1,9,,,27,55,,,4,,,,15,42,,,,,,,,,,2,,,0,3,3,.500,5.19,9,0,0,0,0,43.1,25,0,0,197,80,3.53,1.615,11.4,0.8,3.1,8.7,2.80,2026-09-25T10:49:48Z,https://www.baseball-reference.com/teams/CLE/2026.shtml,https://www.baseball-reference.com/players/g/grifffo01.shtml,false,,,
messipa01,CLE,2026,pitching,true,1,Parker Messick,2000-10-26,"Plant City, FL",L,L,72,225,2025-08-20,SP,Pitcher,,Cleveland Guardians,83,76,83-76,6.2,31,,,56,143,,,17,,,,48,191,,,,,,,,,,4,,,2,12,9,.571,2.55,31,0,0,0,0,183.1,52,1,6,731,161,3.07,1.042,7.0,0.8,2.4,9.4,3.98,2026-09-25T10:49:48Z,https://www.baseball-reference.com/teams/CLE/2026.shtml,https://www.baseball-reference.com/players/m/messipa01.shtml,false,,,
smithca06,CLE,2026,pitching,true,1,Cade Smith,1999-05-09,"Abbotsford, BC, Canada",R,R,77,230,2024-03-30,CL,Pitcher,,Cleveland Guardians,83,76,83-76,2.9,68,,,20,48,,,5,,,,23,107,,,,,,,,,,4,,,1,6,1,.857,1.96,0,60,0,0,41,73.1,16,0,6,293,210,2.17,0.968,5.9,0.6,2.8,13.1,4.65,2026-09-25T10:49:48Z,https://www.baseball-reference.com/teams/CLE/2026.shtml,https://www.baseball-reference.com/players/s/smithca06.shtml,true,90,41,A
goodmhu01,COL,2026,batting,true,2,Hunter Goodman,1999-10-08,"Arlington, TN",R,R,71,220,2023-08-27,C,Catcher and Rightfielder,2D/H,Colorado Rockies,57,102,57-102,2.7,135,561,506,82,124,19,2,39,84,5,5,45,173,.245,.310,.522,.832,113,.355,112,264,9,5,0,5,3,,,,,,,,,,,,,,,,,,,,,,,2026-09-25T10:49:52Z,https://www.baseball-reference.com/teams/COL/2026.shtml,https://www.baseball-reference.com/players/g/goodmhu01.shtml,false,,,
dingldi01,DET,2026,batting,true,1,Dillon Dingler,1998-09-17,"Massillon, OH",R,R,73,210,2024-07-29,C,Catcher,*2D/H,Detroit Tigers,74,85,74-85,4.2,143,598,542,71,132,27,2,27,89,0,0,34,137,.244,.304,.450,.754,108,.335,110,244,12,15,0,5,0,,,,,,,,,,,,,,,,,,,,,,,2026-09-25T10:49:56Z,https://www.baseball-reference.com/teams/DET/2026.shtml,https://www.baseball-reference.com/players/d/dingldi01.shtml,false,,,
greenri03,DET,2026,batting,true,3,Riley Greene,2000-09-28,"Orlando, FL",L,L,74,200,2022-06-18,LF,Outfielder,*7D/H,Detroit Tigers,74,85,74-85,2.7,137,579,500,78,141,31,2,21,75,3,1,69,153,.282,.371,.478,.849,137,.373,137,239,12,5,0,5,4,,,,,,,,,,,,,,,,,,,,,,,2026-09-25T10:49:56Z,https://www.baseball-reference.com/teams/DET/2026.shtml,https://www.baseball-reference.com/players/g/greenri03.shtml,false,,,
mcgonke01,DET,2026,batting,true,1,Kevin McGonigle,2004-08-18,"Media, PA",L,R,69,187,2026-03-26,SS,Shortstop and Third Baseman,65/D,Detroit Tigers,74,85,74-85,6.9,153,694,593,95,165,28,5,17,70,12,4,94,96,.278,.378,.428,.806,126,.364,130,254,5,3,0,4,1,,,,,,,,,,,,,,,,,,,,,,,2026-09-25T10:49:56Z,https://www.baseball-reference.com/teams/DET/2026.shtml,https://www.baseball-reference.com/players/m/mcgonke01.shtml,false,,,
verlaju01,DET,2026,pitching,true,1,Justin Verlander,1983-02-20,"Manakin Sabot, VA",R,R,77,240,2005-07-04,P,Pitcher,,Detroit Tigers,74,85,74-85,-0.2,1,,,5,6,,,1,,,,2,1,,,,,,,,,,0,,,0,0,1,.000,12.27,1,0,0,0,0,3.2,5,0,1,19,37,7.73,2.182,14.7,2.5,4.9,2.5,0.50,2026-09-25T10:49:56Z,https://www.baseball-reference.com/teams/DET/2026.shtml,https://www.baseball-reference.com/players/v/verlaju01.shtml,false,,,
alvaryo01,HOU,2026,batting,true,2,Yordan Alvarez,1997-06-27,"Las Tunas, Cuba",L,R,76,237,2019-06-09,DH,Designated Hitter and Leftfielder,*D7,Houston Astros,79,80,79-80,6.6,155,678,555,101,175,33,1,41,102,1,0,108,116,.315,.432,.600,1.032,190,.433,186,333,7,10,0,5,33,,,,,,,,,,,,,,,,,,,,,,,2026-09-25T10:50:00Z,https://www.baseball-reference.com/teams/HOU/2026.shtml,https://www.baseball-reference.com/players/a/alvaryo01.shtml,true,91,39,A
wittbo02,KCR,2026,batting,true,3,Bobby Witt Jr.,2000-06-14,"Colleyville, TX",R,R,73,200,2022-04-07,SS,Shortstop and Third Baseman,*6/D,Kansas City Royals,68,91,68-91,6.7,140,619,546,90,154,32,1,18,54,43,8,66,106,.282,.360,.443,.803,126,.363,125,242,8,3,0,4,12,,,,,,,,,,,,,,,,,,,,,,,2026-09-25T10:50:04Z,https://www.baseball-reference.com/teams/KCR/2026.shtml,https://www.baseball-reference.com/players/w/wittbo02.shtml,true,99,2,A
wachami01,KCR,2026,pitching,true,1,Michael Wacha,1991-07-01,"Iowa City, IA",R,R,78,215,2013-05-30,SP,Pitcher,,Kansas City Royals,68,91,68-91,4.3,31,,,76,162,,,28,,,,53,154,,,,,,,,,,7,,,1,9,9,.500,3.33,31,0,0,0,0,194.1,72,0,5,786,124,4.31,1.106,7.5,1.3,2.5,7.1,2.91,2026-09-25T10:50:04Z,https://www.baseball-reference.com/teams/KCR/2026.shtml,https://www.baseball-reference.com/players/w/wachami01.shtml,false,,,
troutmi01,LAA,2026,batting,true,1,Mike Trout,1991-08-07,"Vineland, NJ",R,R,73,235,2011-07-08,CF,Centerfielder,*8D,Los Angeles Angels,61,98,61-98,4.2,140,624,505,85,124,26,0,22,54,11,1,105,162,.246,.385,.428,.813,134,.370,139,216,11,11,0,2,12,,,,,,,,,,,,,,,,,,,,,,,2026-09-25T10:50:08Z,https://www.baseball-reference.com/teams/LAA/2026.shtml,https://www.baseball-reference.com/players/t/troutmi01.shtml,true,89,50,A
freemfr01,LAD,2026,batting,true,3,Freddie Freeman,1989-09-12,"Villa Park, CA",L,R,76,220,2010-09-01,1B,First Baseman,*3/D,Los Angeles Dodgers,97,62,97-62,2.8,151,650,572,74,167,32,1,16,70,7,0,66,114,.292,.366,.435,.801,121,.355,120,249,22,5,0,7,3,,,,,,,,,,,,,,,,,,,,,,,2026-09-25T10:50:12Z,https://www.baseball-reference.com/teams/LAD/2026.shtml,https://www.baseball-reference.com/players/f/freemfr01.shtml,true,90,43,A
muncyma01,LAD,2026,batting,true,1,Max Muncy,1990-08-25,"Midland, TX",L,R,70,215,2015-04-25,3B,"Third Baseman, First Baseman and Second Baseman",*5H/D,Los Angeles Dodgers,97,62,97-62,3.9,147,553,482,80,121,26,1,29,76,3,0,63,140,.251,.345,.490,.835,128,.362,126,236,8,7,0,1,4,,,,,,,,,,,,,,,,,,,,,,,2026-09-25T10:50:12Z,https://www.baseball-reference.com/teams/LAD/2026.shtml,https://www.baseball-reference.com/players/m/muncyma01.shtml,false,,,
ohtansh01,LAD,2026,batting,true,3,Shohei Ohtani,1994-07-05,"Oshu, Japan",L,R,76,210,2018-03-29,DH,Designated Hitter and Pitcher,*D1/H,Los Angeles Dodgers,97,62,97-62,3.4,132,606,511,89,142,26,4,30,81,11,3,81,147,.278,.381,.521,.901,146,.386,144,266,9,7,0,5,16,,,,,,,,,,,,,,,,,,,,,,,2026-09-25T10:50:12Z,https://www.baseball-reference.com/teams/LAD/2026.shtml,https://www.baseball-reference.com/players/o/ohtansh01.shtml,true,99,5,A
pagesan01,LAD,2026,batting,true,1,Andy Pages,2000-12-08,"La Habana, Cuba",R,R,73,212,2024-04-16,CF,Centerfielder,*8/DH,Los Angeles Dodgers,97,62,97-62,5.8,131,562,502,73,137,26,2,21,80,12,7,47,110,.273,.342,.458,.800,119,.352,121,230,11,8,0,5,1,,,,,,,,,,,,,,,,,,,,,,,2026-09-25T10:50:12Z,https://www.baseball-reference.com/teams/LAD/2026.shtml,https://www.baseball-reference.com/players/p/pagesan01.shtml,false,,,
ohtansh01,LAD,2026,pitching,true,3,Shohei Ohtani,1994-07-05,"Oshu, Japan",L,R,76,210,2018-03-29,SP,Designated Hitter and Pitcher,,Los Angeles Dodgers,97,62,97-62,3.1,14,,,21,55,,,4,,,,26,95,,,,,,,,,,6,,,0,8,2,.800,1.79,14,0,0,0,0,85.2,17,1,0,340,234,2.60,0.946,5.8,0.4,2.7,10.0,3.65,2026-09-25T10:50:12Z,https://www.baseball-reference.com/teams/LAD/2026.shtml,https://www.baseball-reference.com/players/o/ohtansh01.shtml,true,99,5,A
wroblju01,LAD,2026,pitching,true,1,Justin Wrobleski,2000-07-14,"Hoffman Estates, IL",L,L,73,194,2024-07-07,SP,Pitcher,,Los Angeles Dodgers,97,62,97-62,2.1,27,,,59,127,,,21,,,,31,115,,,,,,,,,,5,,,1,12,5,.706,3.72,22,1,0,0,0,138.0,57,0,2,571,112,4.19,1.145,8.3,1.4,2.0,7.5,3.71,2026-09-25T10:50:12Z,https://www.baseball-reference.com/teams/LAD/2026.shtml,https://www.baseball-reference.com/players/w/wroblju01.shtml,false,,,
yamamyo01,LAD,2026,pitching,true,2,Yoshinobu Yamamoto,1998-08-17,"Bizen, Japan",R,R,70,176,2024-03-21,SP,Pitcher,,Los Angeles Dodgers,97,62,97-62,5.8,28,,,55,119,,,20,,,,42,182,,,,,,,,,,7,,,1,14,9,.609,2.53,28,0,1,0,0,185.0,52,0,2,708,165,3.33,0.870,5.8,1.0,2.0,8.9,4.33,2026-09-25T10:50:12Z,https://www.baseball-reference.com/teams/LAD/2026.shtml,https://www.baseball-reference.com/players/y/yamamyo01.shtml,true,95,18,A
lopezot01,MIA,2026,batting,true,1,Otto Lopez,1998-10-01,"Santo Domingo, Dominican Republic",R,R,70,185,2021-08-17,SS,Shortstop and Second Baseman,*6/DH,Miami Marlins,78,81,78-81,5.8,155,678,619,93,188,32,9,11,71,34,5,39,89,.304,.348,.438,.786,121,.359,125,271,14,9,0,11,1,,,,,,,,,,,,,,,,,,,,,,,2026-09-25T10:50:16Z,https://www.baseball-reference.com/teams/MIA/2026.shtml,https://www.baseball-reference.com/players/l/lopezot01.shtml,false,,,
meyerma01,MIA,2026,pitching,true,1,Max Meyer,1999-03-12,"Woodbury, MN",L,R,72,196,2022-07-16,SP,Pitcher,,Miami Marlins,78,81,78-81,2.9,20,,,39,85,,,11,,,,41,121,,,,,,,,,,7,,,0,9,1,.900,2.68,20,0,0,0,0,111.0,33,0,5,462,151,3.50,1.135,6.9,0.9,3.3,9.8,2.95,2026-09-25T10:50:16Z,https://www.baseball-reference.com/teams/MIA/2026.shtml,https://www.baseball-reference.com/players/m/meyerma01.shtml,false,,,
contrwi02,MIL,2026,batting,true,2,William Contreras,1997-12-24,"Puerto Cabello, Venezuela",R,R,70,217,2020-07-24,C,Catcher,*2D/H,Milwaukee Brewers,100,59,100-59,2.9,145,631,558,82,151,27,1,18,93,1,2,60,93,.271,.341,.419,.760,109,.334,108,234,13,4,0,9,6,,,,,,,,,,,,,,,,,,,,,,,2026-09-25T10:50:20Z,https://www.baseball-reference.com/teams/MIL/2026.shtml,https://www.baseball-reference.com/players/c/contrwi02.shtml,true,87,71,A
misioja01,MIL,2026,pitching,true,2,Jacob Misiorowski,2002-04-03,"Blue Springs, MO",R,R,79,201,2025-06-12,SP,Pitcher,,Milwaukee Brewers,100,59,100-59,6.1,29,,,43,94,,,14,,,,42,247,,,,,,,,,,9,,,0,15,5,.750,1.86,29,0,1,1,0,169.1,35,1,5,646,224,2.16,0.803,5.0,0.7,2.2,13.1,5.88,2026-09-25T10:50:20Z,https://www.baseball-reference.com/teams/MIL/2026.shtml,https://www.baseball-reference.com/players/m/misioja01.shtml,false,,,
buxtoby01,MIN,2026,batting,true,2,Byron Buxton,1993-12-18,"Baxley, GA",R,R,73,190,2015-06-14,CF,Centerfielder,8D/H,Minnesota Twins,75,84,75-84,3.4,93,408,370,65,94,18,1,25,46,7,1,30,100,.254,.319,.511,.829,129,.359,126,189,4,6,0,2,2,,,,,,,,,,,,,,,,,,,,,,,2026-09-25T10:50:24Z,https://www.baseball-reference.com/teams/MIN/2026.shtml,https://www.baseball-reference.com/players/b/buxtoby01.shtml,true,95,14,A
ryanjo04,MIN,2026,pitching,true,2,Joe Ryan,1996-06-05,"San Francisco, CA",R,R,74,205,2021-09-01,SP,Pitcher,,Minnesota Twins,75,84,75-84,1.8,26,,,72,133,,,21,,,,30,151,,,,,,,,,,10,,,0,6,10,.375,3.83,26,0,0,0,0,138.2,59,0,3,588,110,3.75,1.175,8.6,1.4,1.9,9.8,5.03,2026-09-25T10:50:24Z,https://www.baseball-reference.com/teams/MIN/2026.shtml,https://www.baseball-reference.com/players/r/ryanjo04.shtml,true,93,27,A
sotoju01,NYM,2026,batting,true,2,Juan Soto,1998-10-25,"Santo Domingo, Dominican Republic",L,L,73,224,2018-05-20,LF,Outfielder,7D/H,New York Mets,73,86,73-86,3.0,108,467,387,61,106,11,2,27,68,9,3,77,64,.274,.393,.522,.915,154,.387,150,202,7,0,0,2,15,,,,,,,,,,,,,,,,,,,,,,,2026-09-25T10:50:28Z,https://www.baseball-reference.com/teams/NYM/2026.shtml,https://www.baseball-reference.com/players/s/sotoju01.shtml,true,98,8,A
bellico01,NYY,2026,batting,true,1,Cody Bellinger,1995-07-13,"Scottsdale, AZ",L,L,75,204,2017-04-25,LF,Outfielder and First Baseman,*78/39DH,New York Yankees,92,67,92-67,4.7,131,558,492,73,131,25,3,17,73,12,6,59,87,.266,.341,.433,.773,115,.344,116,213,5,0,0,7,0,,,,,,,,,,,,,,,,,,,,,,,2026-09-25T10:50:32Z,https://www.baseball-reference.com/teams/NYY/2026.shtml,https://www.baseball-reference.com/players/b/bellico01.shtml,true,88,51,B
judgeaa01,NYY,2026,batting,true,3,Aaron Judge,1992-04-26,"Sacramento, CA",R,R,79,282,2016-08-13,RF,Rightfielder,9/D,New York Yankees,92,67,92-67,1.9,66,285,237,45,57,10,0,18,41,5,3,43,85,.241,.360,.511,.871,140,.378,141,121,9,2,0,1,5,,,,,,,,,,,,,,,,,,,,,,,2026-09-25T10:50:32Z,https://www.baseball-reference.com/teams/NYY/2026.shtml,https://www.baseball-reference.com/players/j/judgeaa01.shtml,true,99,1,A
ricebe01,NYY,2026,batting,true,1,Ben Rice,1999-02-22,"Cohasset, MA",L,R,74,228,2024-06-18,DH,"First Baseman, Designated Hitter and Catcher",D3/H,New York Yankees,92,67,92-67,3.7,152,658,565,104,148,23,4,41,97,3,0,84,158,.262,.362,.535,.896,147,.389,147,302,12,6,0,3,4,,,,,,,,,,,,,,,,,,,,,,,2026-09-25T10:50:32Z,https://www.baseball-reference.com/teams/NYY/2026.shtml,https://www.baseball-reference.com/players/r/ricebe01.shtml,false,,,
schlica01,NYY,2026,pitching,true,1,Cam Schlittler,2001-02-05,"Weymouth, MA",R,R,78,215,2025-07-09,SP,Pitcher,,New York Yankees,92,67,92-67,7.0,33,,,52,129,,,16,,,,49,239,,,,,,,,,,6,,,0,14,6,.700,1.95,33,0,0,0,0,193.2,42,0,0,761,214,2.55,0.919,6.0,0.7,2.3,11.1,4.88,2026-09-25T10:50:32Z,https://www.baseball-reference.com/teams/NYY/2026.shtml,https://www.baseball-reference.com/players/s/schlica01.shtml,false,,,
arraelu01,PHI,2026,batting,true,2,Luis Arraez,1997-04-09,"San Felipe, Venezuela",L,R,70,186,2019-05-18,2B,"Second Baseman, First Baseman and Third Baseman",4/H,Philadelphia Phillies,87,72,87-72,-0.1,46,191,176,15,49,10,0,2,21,0,1,9,7,.278,.309,.369,.678,82,.295,75,65,8,1,0,5,0,,,,,,,,,,,,,,,,,,,,,,,2026-09-25T10:50:36Z,https://www.baseball-reference.com/teams/PHI/2026.shtml,https://www.baseball-reference.com/players/a/arraelu01.shtml,false,,,
duranjh01,PHI,2026,batting,true,1,Jhoan Duran,1998-01-08,"Esperanza, Dominican Republic",R,R,77,230,2022-04-08,P,Pitcher,1,Philadelphia Phillies,87,72,87-72,0.0,1,0,0,0,0,0,0,0,0,0,0,0,0,,,,,,,,0,0,0,0,0,0,,,,,,,,,,,,,,,,,,,,,,,2026-09-25T10:50:36Z,https://www.baseball-reference.com/teams/PHI/2026.shtml,https://www.baseball-reference.com/players/d/duranjh01.shtml,false,,,
harpebr03,PHI,2026,batting,true,2,Bryce Harper,1992-10-16,"Las Vegas, NV",L,R,73,210,2012-04-28,1B,Rightfielder and First Baseman,*39D,Philadelphia Phillies,87,72,87-72,3.3,159,679,564,92,152,32,3,28,86,7,6,106,144,.270,.381,.486,.867,132,.376,133,274,19,1,0,8,3,,,,,,,,,,,,,,,,,,,,,,,2026-09-25T10:50:36Z,https://www.baseball-reference.com/teams/PHI/2026.shtml,https://www.baseball-reference.com/players/h/harpebr03.shtml,true,92,32,A
marshbr02,PHI,2026,batting,true,1,Brandon Marsh,1997-12-18,"Buford, GA",L,R,74,215,2021-07-18,LF,Outfielder,*798H,Philadelphia Phillies,87,72,87-72,0.7,152,558,517,71,135,20,2,18,61,11,3,33,140,.261,.306,.412,.718,91,.313,85,213,5,2,2,4,5,,,,,,,,,,,,,,,,,,,,,,,2026-09-25T10:50:36Z,https://www.baseball-reference.com/teams/PHI/2026.shtml,https://www.baseball-reference.com/players/m/marshbr02.shtml,false,,,
schwaky01,PHI,2026,batting,true,2,Kyle Schwarber,1993-03-05,"Middletown, OH",L,R,71,229,2015-06-16,DH,Leftfielder and Designated Hitter,*D/37H,Philadelphia Phillies,87,72,87-72,2.6,153,687,570,94,133,19,1,45,95,3,1,102,218,.233,.354,.507,.861,129,.370,127,289,3,8,0,6,6,,,,,,,,,,,,,,,,,,,,,,,2026-09-25T10:50:36Z,https://www.baseball-reference.com/teams/PHI/2026.shtml,https://www.baseball-reference.com/players/s/schwaky01.shtml,false,,,
duranjh01,PHI,2026,pitching,true,1,Jhoan Duran,1998-01-08,"Esperanza, Dominican Republic",R,R,77,230,2022-04-08,CL,Pitcher,,Philadelphia Phillies,87,72,87-72,3.2,59,,,14,49,,,2,,,,10,81,,,,,,,,,,4,,,1,2,6,.250,1.88,0,54,0,0,33,57.1,12,0,3,230,240,1.46,1.029,7.7,0.3,1.6,12.7,8.10,2026-09-25T10:50:36Z,https://www.baseball-reference.com/teams/PHI/2026.shtml,https://www.baseball-reference.com/players/d/duranjh01.shtml,false,,,
luzarje01,PHI,2026,pitching,true,1,Jesús Luzardo,1997-09-30,"Lima, Peru",L,L,72,218,2019-09-11,SP,Pitcher,,Philadelphia Phillies,87,72,87-72,6.3,29,,,65,141,,,15,,,,52,221,,,,,,,,,,11,,,0,14,5,.737,2.87,29,0,1,1,0,178.2,57,1,8,727,157,2.77,1.080,7.1,0.8,2.6,11.1,4.25,2026-09-25T10:50:36Z,https://www.baseball-reference.com/teams/PHI/2026.shtml,https://www.baseball-reference.com/players/l/luzarje01.shtml,true,87,64,A
sanchcr01,PHI,2026,pitching,true,2,Cristopher Sánchez,1996-12-12,"La Romana, Dominican Republic",L,L,78,200,2021-06-06,SP,Pitcher,,Philadelphia Phillies,87,72,87-72,7.6,32,,,71,199,,,18,,,,44,221,,,,,,,,,,6,,,0,18,6,.750,2.93,32,0,1,1,0,200.0,65,0,4,830,154,2.81,1.215,9.0,0.8,2.0,9.9,5.02,2026-09-25T10:50:36Z,https://www.baseball-reference.com/teams/PHI/2026.shtml,https://www.baseball-reference.com/players/s/sanchcr01.shtml,true,93,25,A
ashcrbr01,PIT,2026,pitching,true,1,Braxton Ashcraft,1999-10-05,"Waco, TX",L,R,77,218,2025-05-26,SP,Pitcher,,Pittsburgh Pirates,81,78,81-78,3.5,28,,,73,145,,,22,,,,35,173,,,,,,,,,,7,,,0,14,6,.700,3.65,28,0,1,0,0,165.1,67,2,4,667,120,3.49,1.089,7.9,1.2,1.9,9.4,4.94,2026-09-25T10:50:40Z,https://www.baseball-reference.com/teams/PIT/2026.shtml,https://www.baseball-reference.com/players/a/ashcrbr01.shtml,false,,,
skenepa01,PIT,2026,pitching,true,3,Paul Skenes,2002-05-29,"Fullerton, CA",R,R,78,260,2024-05-11,SP,Pitcher,,Pittsburgh Pirates,81,78,81-78,3.3,32,,,82,146,,,20,,,,49,200,,,,,,,,,,11,,,0,10,11,.476,3.82,32,0,0,0,0,174.1,74,0,2,712,115,3.32,1.119,7.5,1.0,2.5,10.3,4.08,2026-09-25T10:50:40Z,https://www.baseball-reference.com/teams/PIT/2026.shtml,https://www.baseball-reference.com/players/s/skenepa01.shtml,true,99,4,A
millema03,SDP,2026,pitching,true,2,Mason Miller,1998-08-24,"Pittsburgh, PA",R,R,77,200,2023-04-19,CL,Pitcher,,San Diego Padres,89,70,89-70,3.5,65,,,13,34,,,3,,,,24,127,,,,,,,,,,2,,,1,5,2,.714,1.30,0,56,0,0,38,69.0,10,0,6,264,311,1.11,0.841,4.4,0.4,3.1,16.6,5.29,2026-09-25T10:50:44Z,https://www.baseball-reference.com/teams/SDP/2026.shtml,https://www.baseball-reference.com/players/m/millema03.shtml,true,90,45,A
arozara01,SEA,2026,batting,true,2,Randy Arozarena,1995-02-28,"Mantua, Cuba",R,R,70,185,2019-08-14,LF,Leftfielder,*7/D,Seattle Mariners,74,85,74-85,5.5,151,656,559,109,156,32,1,26,76,25,8,68,139,.279,.380,.479,.859,148,.388,154,268,17,25,0,4,1,,,,,,,,,,,,,,,,,,,,,,,2026-09-25T10:50:48Z,https://www.baseball-reference.com/teams/SEA/2026.shtml,https://www.baseball-reference.com/players/a/arozara01.shtml,false,,,
arraelu01,SFG,2026,batting,true,2,Luis Arraez,1997-04-09,"San Felipe, Venezuela",L,R,70,186,2019-05-18,2B,"Second Baseman, First Baseman and Third Baseman",4/5DH,San Francisco Giants,65,94,65-94,3.0,105,464,420,52,136,23,7,4,43,10,0,25,21,.324,.360,.440,.801,126,.356,126,185,7,4,6,9,4,,,,,,,,,,,,,,,,,,,,,,,2026-09-25T10:50:52Z,https://www.baseball-reference.com/teams/SFG/2026.shtml,https://www.baseball-reference.com/players/a/arraelu01.shtml,false,,,
webblo01,SFG,2026,pitching,true,3,Logan Webb,1996-11-18,"Rocklin, CA",R,R,74,221,2019-08-17,SP,Pitcher,,San Francisco Giants,65,94,65-94,1.3,27,,,80,147,,,13,,,,41,134,,,,,,,,,,11,,,0,8,9,.471,4.31,27,0,1,0,0,160.2,77,0,1,668,93,3.45,1.170,8.2,0.7,2.3,7.5,3.27,2026-09-25T10:50:52Z,https://www.baseball-reference.com/teams/SFG/2026.shtml,https://www.baseball-reference.com/players/w/webblo01.shtml,true,94,22,B
herreiv01,STL,2026,batting,true,1,Iván Herrera,2000-06-01,"Panama, Panama",R,R,71,220,2022-05-24,DH,Designated Hitter and Catcher,D2/3H,St. Louis Cardinals,77,82,77-82,2.9,158,705,594,96,145,26,1,18,68,8,0,75,133,.244,.356,.382,.738,112,.344,121,227,19,31,0,5,5,,,,,,,,,,,,,,,,,,,,,,,2026-09-25T10:50:56Z,https://www.baseball-reference.com/teams/STL/2026.shtml,https://www.baseball-reference.com/players/h/herreiv01.shtml,false,,,
obrieri01,STL,2026,batting,true,1,Riley O'Brien,1995-02-06,"Seattle, WA",R,R,76,180,2021-09-28,P,Pitcher,1,St. Louis Cardinals,77,82,77-82,0.0,2,0,0,0,0,0,0,0,0,0,0,0,0,,,,,,,,0,0,0,0,0,0,,,,,,,,,,,,,,,,,,,,,,,2026-09-25T10:50:56Z,https://www.baseball-reference.com/teams/STL/2026.shtml,https://www.baseball-reference.com/players/o/obrieri01.shtml,false,,,
walkejo02,STL,2026,batting,true,1,Jordan Walker,2002-05-22,"Stone Mountain, GA",R,R,78,250,2023-03-30,RF,Rightfielder,*9/DH,St. Louis Cardinals,77,82,77-82,3.5,155,655,597,94,162,33,0,28,100,21,5,50,170,.271,.330,.467,.797,125,.357,129,279,14,4,0,4,1,,,,,,,,,,,,,,,,,,,,,,,2026-09-25T10:50:56Z,https://www.baseball-reference.com/teams/STL/2026.shtml,https://www.baseball-reference.com/players/w/walkejo02.shtml,false,,,
obrieri01,STL,2026,pitching,true,1,Riley O'Brien,1995-02-06,"Seattle, WA",R,R,76,180,2021-09-28,CL,Pitcher,,St. Louis Cardinals,77,82,77-82,-0.1,66,,,35,53,,,5,,,,29,64,,,,,,,,,,10,,,4,3,9,.250,4.08,0,54,0,0,38,64.0,29,0,7,276,96,3.94,1.281,7.5,0.7,4.1,9.0,2.21,2026-09-25T10:50:56Z,https://www.baseball-reference.com/teams/STL/2026.shtml,https://www.baseball-reference.com/players/o/obrieri01.shtml,false,,,
bakerbr01,TBR,2026,batting,true,1,Bryan Baker,1994-12-02,"Fort Walton Beach, FL",R,R,78,235,2021-09-05,P,Pitcher,1,Tampa Bay Rays,96,63,96-63,0.0,1,0,0,0,0,0,0,0,0,0,0,0,0,,,,,,,,0,0,0,0,0,0,,,,,,,,,,,,,,,,,,,,,,,2026-09-25T10:51:00Z,https://www.baseball-reference.com/teams/TBR/2026.shtml,https://www.baseball-reference.com/players/b/bakerbr01.shtml,false,,,
caminju01,TBR,2026,batting,true,2,Junior Caminero,2003-07-05,"Santo Domingo, Dominican Republic",R,R,73,220,2023-09-23,3B,Third Baseman,*5/3,Tampa Bay Rays,96,63,96-63,5.6,159,692,607,96,167,25,1,41,99,3,3,78,126,.275,.360,.522,.882,144,.375,140,317,26,4,0,3,13,,,,,,,,,,,,,,,,,,,,,,,2026-09-25T10:51:00Z,https://www.baseball-reference.com/teams/TBR/2026.shtml,https://www.baseball-reference.com/players/c/caminju01.shtml,true,88,53,B
diazya01,TBR,2026,batting,true,1,Yandy Díaz,1991-08-08,"Sagua la Grande, Cuba",R,R,72,235,2017-04-03,DH,"First Baseman, Designated Hitter and Third Baseman",*D,Tampa Bay Rays,96,63,96-63,2.4,152,678,606,90,177,25,1,22,85,3,1,56,98,.292,.358,.446,.804,124,.355,125,270,15,10,0,6,6,,,,,,,,,,,,,,,,,,,,,,,2026-09-25T10:51:00Z,https://www.baseball-reference.com/teams/TBR/2026.shtml,https://www.baseball-reference.com/players/d/diazya01.shtml,true,85,92,B
bakerbr01,TBR,2026,pitching,true,1,Bryan Baker,1994-12-02,"Fort Walton Beach, FL",R,R,78,235,2021-09-05,CL,Pitcher,,Tampa Bay Rays,96,63,96-63,2.8,64,,,12,35,,,4,,,,22,63,,,,,,,,,,2,,,1,4,2,.667,1.47,0,51,0,0,40,61.1,10,1,0,241,286,3.06,0.929,5.1,0.6,3.2,9.2,2.86,2026-09-25T10:51:00Z,https://www.baseball-reference.com/teams/TBR/2026.shtml,https://www.baseball-reference.com/players/b/bakerbr01.shtml,false,,,
martini01,TBR,2026,pitching,true,1,Nick Martinez,1990-08-05,"Miami, FL",L,R,73,200,2014-04-05,SP,Pitcher,,Tampa Bay Rays,96,63,96-63,4.1,30,,,58,164,,,22,,,,25,108,,,,,,,,,,3,,,0,15,5,.750,2.94,30,0,1,0,0,177.1,58,0,5,706,142,3.96,1.066,8.3,1.1,1.3,5.5,4.32,2026-09-25T10:51:00Z,https://www.baseball-reference.com/teams/TBR/2026.shtml,https://www.baseball-reference.com/players/m/martini01.shtml,false,,,
rasmudr01,TBR,2026,pitching,true,2,Drew Rasmussen,1995-07-27,"Puyallup, WA",R,R,73,240,2020-08-19,SP,Pitcher,,Tampa Bay Rays,96,63,96-63,4.5,30,,,53,125,,,14,,,,32,174,,,,,,,,,,7,,,0,16,5,.762,2.67,30,0,0,0,0,172.0,51,0,3,669,157,2.81,0.913,6.5,0.7,1.7,9.1,5.44,2026-09-25T10:51:00Z,https://www.baseball-reference.com/teams/TBR/2026.shtml,https://www.baseball-reference.com/players/r/rasmudr01.shtml,false,,,
latzja01,TEX,2026,batting,true,1,Jacob Latz,1996-04-08,"Lemont, IL",R,L,74,185,2021-08-25,P,Pitcher,1,Texas Rangers,79,80,79-80,0.0,1,0,0,0,0,0,0,0,0,0,0,0,0,,,,,,,,0,0,0,0,0,0,,,,,,,,,,,,,,,,,,,,,,,2026-09-25T10:51:04Z,https://www.baseball-reference.com/teams/TEX/2026.shtml,https://www.baseball-reference.com/players/l/latzja01.shtml,false,,,
latzja01,TEX,2026,pitching,true,1,Jacob Latz,1996-04-08,"Lemont, IL",R,L,74,185,2021-08-25,CL,Pitcher,,Texas Rangers,79,80,79-80,2.5,57,,,19,35,,,6,,,,23,80,,,,,,,,,,0,,,7,3,4,.429,2.15,1,42,0,0,30,71.0,17,0,3,268,180,2.91,0.817,4.4,0.8,2.9,10.1,3.48,2026-09-25T10:51:04Z,https://www.baseball-reference.com/teams/TEX/2026.shtml,https://www.baseball-reference.com/players/l/latzja01.shtml,false,,,
clemeer01,TOR,2026,batting,true,1,Ernie Clement,1996-03-22,"Rochester, NY",R,R,72,170,2021-06-13,2B,"Third Baseman, Second Baseman and Shortstop",*465/H7,Toronto Blue Jays,77,82,77-82,1.3,155,611,580,60,153,33,1,9,48,7,1,22,57,.264,.290,.371,.660,81,.298,79,215,14,2,0,7,0,,,,,,,,,,,,,,,,,,,,,,,2026-09-25T10:51:08Z,https://www.baseball-reference.com/teams/TOR/2026.shtml,https://www.baseball-reference.com/players/c/clemeer01.shtml,false,,,
guerrvl02,TOR,2026,batting,true,3,Vladimir Guerrero Jr.,1999-03-16,"Montreal, QC, Canada",R,R,72,245,2019-04-26,1B,First Baseman and Third Baseman,*3D/H,Toronto Blue Jays,77,82,77-82,1.3,142,600,533,71,140,25,0,9,56,7,4,56,78,.263,.335,.360,.695,92,.312,90,192,20,5,0,6,5,,,,,,,,,,,,,,,,,,,,,,,2026-09-25T10:51:08Z,https://www.baseball-reference.com/teams/TOR/2026.shtml,https://www.baseball-reference.com/players/g/guerrvl02.shtml,true,94,24,A
ceasedy01,TOR,2026,pitching,true,1,Dylan Cease,1995-12-28,"Milton, GA",R,R,74,200,2019-07-03,SP,Pitcher,,Toronto Blue Jays,77,82,77-82,5.7,29,,,54,108,,,11,,,,78,239,,,,,,,,,,3,,,0,11,6,.647,2.40,29,0,1,1,0,169.0,45,1,5,685,183,2.55,1.101,5.8,0.6,4.2,12.7,3.06,2026-09-25T10:51:08Z,https://www.baseball-reference.com/teams/TOR/2026.shtml,https://www.baseball-reference.com/players/c/ceasedy01.shtml,true,87,60,A
varlalo01,TOR,2026,pitching,true,1,Louis Varland,1997-12-09,"St. Paul, MN",L,R,73,205,2022-09-07,CL,Pitcher,,Toronto Blue Jays,77,82,77-82,3.5,70,,,20,55,,,2,,,,23,95,,,,,,,,,,0,,,1,5,6,.455,1.29,0,52,0,0,34,77.0,11,0,3,304,343,1.86,1.013,6.4,0.2,2.7,11.1,4.13,2026-09-25T10:51:08Z,https://www.baseball-reference.com/teams/TOR/2026.shtml,https://www.baseball-reference.com/players/v/varlalo01.shtml,false,,,
abramcj01,WSN,2026,batting,true,2,CJ Abrams,2000-10-03,"Alpharetta, GA",L,R,72,191,2022-04-08,SS,Shortstop and Second Baseman,*64D/H,Washington Nationals,75,84,75-84,5.2,149,642,568,92,149,30,3,33,103,33,6,56,155,.262,.338,.500,.838,128,.369,127,284,9,12,0,6,4,,,,,,,,,,,,,,,,,,,,,,,2026-09-25T10:51:12Z,https://www.baseball-reference.com/teams/WSN/2026.shtml,https://www.baseball-reference.com/players/a/abramcj01.shtml,false,,,
woodja03,WSN,2026,batting,true,2,James Wood,2002-09-17,"Rockville, MD",L,R,78,234,2024-07-01,RF,Leftfielder,9D7/H,Washington Nationals,75,84,75-84,3.6,132,610,503,104,132,30,1,30,77,21,3,99,176,.262,.385,.505,.890,144,.386,141,254,5,4,0,4,10,,,,,,,,,,,,,,,,,,,,,,,2026-09-25T10:51:12Z,https://www.baseball-reference.com/teams/WSN/2026.shtml,https://www.baseball-reference.com/players/w/woodja03.shtml,true,84,100,A
grifffo01,WSN,2026,pitching,true,1,Foster Griffin,1995-07-27,"Orlando, FL",R,L,75,225,2020-07-27,SP,Pitcher,,Washington Nationals,75,84,75-84,3.3,22,,,49,109,,,19,,,,30,116,,,,,,,,,,8,,,0,12,3,.800,3.06,22,0,0,0,0,129.1,44,1,3,524,140,4.09,1.075,7.6,1.3,2.1,8.1,3.87,2026-09-25T10:51:12Z,https://www.baseball-reference.com/teams/WSN/2026.shtml,https://www.baseball-reference.com/players/g/grifffo01.shtml,false,,,
